"Fecha","UF_CLP"
2020-01-01,28310.86
2020-01-02,28311.77
2020-01-03,28312.68
2020-01-04,28313.6
2020-01-05,28314.51
2020-01-06,28315.42
2020-01-07,28316.33
2020-01-08,28317.25
2020-01-09,28318.16
2020-01-10,28319.07
2020-01-11,28319.99
2020-01-12,28320.9
2020-01-13,28321.81
2020-01-14,28322.73
2020-01-15,28323.64
2020-01-16,28324.55
2020-01-17,28325.47
2020-01-18,28326.38
2020-01-19,28327.29
2020-01-20,28328.21
2020-01-21,28329.12
2020-01-22,28330.03
2020-01-23,28330.95
2020-01-24,28331.86
2020-01-25,28332.77
2020-01-26,28333.69
2020-01-27,28334.6
2020-01-28,28335.51
2020-01-29,28336.43
2020-01-30,28337.34
2020-01-31,28338.25
2020-02-01,28339.17
2020-02-02,28340.08
2020-02-03,28341
2020-02-04,28341.91
2020-02-05,28342.82
2020-02-06,28343.74
2020-02-07,28344.65
2020-02-08,28345.56
2020-02-09,28346.48
2020-02-10,28352.33
2020-02-11,28358.18
2020-02-12,28364.03
2020-02-13,28369.88
2020-02-14,28375.73
2020-02-15,28381.59
2020-02-16,28387.44
2020-02-17,28393.3
2020-02-18,28399.15
2020-02-19,28405.01
2020-02-20,28410.87
2020-02-21,28416.73
2020-02-22,28422.6
2020-02-23,28428.46
2020-02-24,28434.32
2020-02-25,28440.19
2020-02-26,28446.06
2020-02-27,28451.93
2020-02-28,28457.8
2020-02-29,28463.67
2020-03-01,28469.54
2020-03-02,28475.41
2020-03-03,28481.29
2020-03-04,28487.16
2020-03-05,28493.04
2020-03-06,28498.92
2020-03-07,28504.8
2020-03-08,28510.68
2020-03-09,28516.56
2020-03-10,28520.23
2020-03-11,28523.91
2020-03-12,28527.58
2020-03-13,28531.25
2020-03-14,28534.93
2020-03-15,28538.6
2020-03-16,28542.28
2020-03-17,28545.95
2020-03-18,28549.63
2020-03-19,28553.31
2020-03-20,28556.98
2020-03-21,28560.66
2020-03-22,28564.34
2020-03-23,28568.02
2020-03-24,28571.7
2020-03-25,28575.38
2020-03-26,28579.06
2020-03-27,28582.74
2020-03-28,28586.42
2020-03-29,28590.1
2020-03-30,28593.78
2020-03-31,28597.46
2020-04-01,28601.15
2020-04-02,28604.83
2020-04-03,28608.51
2020-04-04,28612.2
2020-04-05,28615.88
2020-04-06,28619.57
2020-04-07,28623.25
2020-04-08,28626.94
2020-04-09,28630.63
2020-04-10,28633.49
2020-04-11,28636.35
2020-04-12,28639.21
2020-04-13,28642.07
2020-04-14,28644.93
2020-04-15,28647.79
2020-04-16,28650.65
2020-04-17,28653.51
2020-04-18,28656.37
2020-04-19,28659.23
2020-04-20,28662.09
2020-04-21,28664.96
2020-04-22,28667.82
2020-04-23,28670.68
2020-04-24,28673.54
2020-04-25,28676.41
2020-04-26,28679.27
2020-04-27,28682.13
2020-04-28,28685
2020-04-29,28687.86
2020-04-30,28690.73
2020-05-01,28693.59
2020-05-02,28696.46
2020-05-03,28699.32
2020-05-04,28702.19
2020-05-05,28705.05
2020-05-06,28707.92
2020-05-07,28710.79
2020-05-08,28713.65
2020-05-09,28716.52
2020-05-10,28716.52
2020-05-11,28716.52
2020-05-12,28716.52
2020-05-13,28716.52
2020-05-14,28716.52
2020-05-15,28716.52
2020-05-16,28716.52
2020-05-17,28716.52
2020-05-18,28716.52
2020-05-19,28716.52
2020-05-20,28716.52
2020-05-21,28716.52
2020-05-22,28716.52
2020-05-23,28716.52
2020-05-24,28716.52
2020-05-25,28716.52
2020-05-26,28716.52
2020-05-27,28716.52
2020-05-28,28716.52
2020-05-29,28716.52
2020-05-30,28716.52
2020-05-31,28716.52
2020-06-01,28716.52
2020-06-02,28716.52
2020-06-03,28716.52
2020-06-04,28716.52
2020-06-05,28716.52
2020-06-06,28716.52
2020-06-07,28716.52
2020-06-08,28716.52
2020-06-09,28716.52
2020-06-10,28715.56
2020-06-11,28714.6
2020-06-12,28713.65
2020-06-13,28712.69
2020-06-14,28711.73
2020-06-15,28710.77
2020-06-16,28709.82
2020-06-17,28708.86
2020-06-18,28707.9
2020-06-19,28706.94
2020-06-20,28705.99
2020-06-21,28705.03
2020-06-22,28704.07
2020-06-23,28703.12
2020-06-24,28702.16
2020-06-25,28701.2
2020-06-26,28700.24
2020-06-27,28699.29
2020-06-28,28698.33
2020-06-29,28697.37
2020-06-30,28696.42
2020-07-01,28695.46
2020-07-02,28694.5
2020-07-03,28693.54
2020-07-04,28692.59
2020-07-05,28691.63
2020-07-06,28690.67
2020-07-07,28689.72
2020-07-08,28688.76
2020-07-09,28687.8
2020-07-10,28686.87
2020-07-11,28685.95
2020-07-12,28685.02
2020-07-13,28684.1
2020-07-14,28683.17
2020-07-15,28682.25
2020-07-16,28681.32
2020-07-17,28680.39
2020-07-18,28679.47
2020-07-19,28678.54
2020-07-20,28677.62
2020-07-21,28676.69
2020-07-22,28675.77
2020-07-23,28674.84
2020-07-24,28673.92
2020-07-25,28672.99
2020-07-26,28672.06
2020-07-27,28671.14
2020-07-28,28670.21
2020-07-29,28669.29
2020-07-30,28668.36
2020-07-31,28667.44
2020-08-01,28666.51
2020-08-02,28665.59
2020-08-03,28664.66
2020-08-04,28663.74
2020-08-05,28662.81
2020-08-06,28661.89
2020-08-07,28660.96
2020-08-08,28660.04
2020-08-09,28659.11
2020-08-10,28660.03
2020-08-11,28660.96
2020-08-12,28661.88
2020-08-13,28662.81
2020-08-14,28663.73
2020-08-15,28664.65
2020-08-16,28665.58
2020-08-17,28666.5
2020-08-18,28667.43
2020-08-19,28668.35
2020-08-20,28669.28
2020-08-21,28670.2
2020-08-22,28671.12
2020-08-23,28672.05
2020-08-24,28672.97
2020-08-25,28673.9
2020-08-26,28674.82
2020-08-27,28675.75
2020-08-28,28676.67
2020-08-29,28677.6
2020-08-30,28678.52
2020-08-31,28679.45
2020-09-01,28680.37
2020-09-02,28681.3
2020-09-03,28682.22
2020-09-04,28683.14
2020-09-05,28684.07
2020-09-06,28684.99
2020-09-07,28685.92
2020-09-08,28686.84
2020-09-09,28687.77
2020-09-10,28688.73
2020-09-11,28689.68
2020-09-12,28690.64
2020-09-13,28691.59
2020-09-14,28692.55
2020-09-15,28693.51
2020-09-16,28694.46
2020-09-17,28695.42
2020-09-18,28696.37
2020-09-19,28697.33
2020-09-20,28698.29
2020-09-21,28699.24
2020-09-22,28700.2
2020-09-23,28701.15
2020-09-24,28702.11
2020-09-25,28703.07
2020-09-26,28704.02
2020-09-27,28704.98
2020-09-28,28705.94
2020-09-29,28706.89
2020-09-30,28707.85
2020-10-01,28708.8
2020-10-02,28709.76
2020-10-03,28710.72
2020-10-04,28711.67
2020-10-05,28712.63
2020-10-06,28713.59
2020-10-07,28714.54
2020-10-08,28715.5
2020-10-09,28716.46
2020-10-10,28722
2020-10-11,28727.54
2020-10-12,28733.09
2020-10-13,28738.63
2020-10-14,28744.18
2020-10-15,28749.73
2020-10-16,28755.28
2020-10-17,28760.83
2020-10-18,28766.38
2020-10-19,28771.93
2020-10-20,28777.48
2020-10-21,28783.03
2020-10-22,28788.59
2020-10-23,28794.14
2020-10-24,28799.7
2020-10-25,28805.26
2020-10-26,28810.82
2020-10-27,28816.38
2020-10-28,28821.94
2020-10-29,28827.5
2020-10-30,28833.07
2020-10-31,28838.63
2020-11-01,28844.2
2020-11-02,28849.76
2020-11-03,28855.33
2020-11-04,28860.9
2020-11-05,28866.47
2020-11-06,28872.04
2020-11-07,28877.61
2020-11-08,28883.18
2020-11-09,28888.76
2020-11-10,28895.48
2020-11-11,28902.2
2020-11-12,28908.92
2020-11-13,28915.64
2020-11-14,28922.37
2020-11-15,28929.09
2020-11-16,28935.82
2020-11-17,28942.55
2020-11-18,28949.28
2020-11-19,28956.01
2020-11-20,28962.74
2020-11-21,28969.48
2020-11-22,28976.22
2020-11-23,28982.95
2020-11-24,28989.69
2020-11-25,28996.44
2020-11-26,29003.18
2020-11-27,29009.92
2020-11-28,29016.67
2020-11-29,29023.42
2020-11-30,29030.17
2020-12-01,29036.92
2020-12-02,29043.67
2020-12-03,29050.42
2020-12-04,29057.18
2020-12-05,29063.94
2020-12-06,29070.7
2020-12-07,29077.46
2020-12-08,29084.22
2020-12-09,29090.98
2020-12-10,29090.04
2020-12-11,29089.1
2020-12-12,29088.16
2020-12-13,29087.22
2020-12-14,29086.29
2020-12-15,29085.35
2020-12-16,29084.41
2020-12-17,29083.47
2020-12-18,29082.53
2020-12-19,29081.59
2020-12-20,29080.65
2020-12-21,29079.72
2020-12-22,29078.78
2020-12-23,29077.84
2020-12-24,29076.9
2020-12-25,29075.96
2020-12-26,29075.02
2020-12-27,29074.08
2020-12-28,29073.15
2020-12-29,29072.21
2020-12-30,29071.27
2020-12-31,29070.33
2021-01-01,29069.39
2021-01-02,29068.46
2021-01-03,29067.52
2021-01-04,29066.58
2021-01-05,29065.64
2021-01-06,29064.7
2021-01-07,29063.76
2021-01-08,29062.83
2021-01-09,29061.89
2021-01-10,29064.7
2021-01-11,29067.51
2021-01-12,29070.32
2021-01-13,29073.13
2021-01-14,29075.93
2021-01-15,29078.74
2021-01-16,29081.55
2021-01-17,29084.36
2021-01-18,29087.18
2021-01-19,29089.99
2021-01-20,29092.8
2021-01-21,29095.61
2021-01-22,29098.42
2021-01-23,29101.23
2021-01-24,29104.04
2021-01-25,29106.86
2021-01-26,29109.67
2021-01-27,29112.48
2021-01-28,29115.3
2021-01-29,29118.11
2021-01-30,29120.92
2021-01-31,29123.74
2021-02-01,29126.55
2021-02-02,29129.37
2021-02-03,29132.18
2021-02-04,29135
2021-02-05,29137.81
2021-02-06,29140.63
2021-02-07,29143.44
2021-02-08,29146.26
2021-02-09,29149.08
2021-02-10,29156.34
2021-02-11,29163.61
2021-02-12,29170.87
2021-02-13,29178.14
2021-02-14,29185.41
2021-02-15,29192.68
2021-02-16,29199.96
2021-02-17,29207.23
2021-02-18,29214.51
2021-02-19,29221.79
2021-02-20,29229.07
2021-02-21,29236.35
2021-02-22,29243.64
2021-02-23,29250.92
2021-02-24,29258.21
2021-02-25,29265.5
2021-02-26,29272.79
2021-02-27,29280.09
2021-02-28,29287.38
2021-03-01,29294.68
2021-03-02,29301.98
2021-03-03,29309.28
2021-03-04,29316.58
2021-03-05,29323.89
2021-03-06,29331.19
2021-03-07,29338.5
2021-03-08,29345.81
2021-03-09,29353.12
2021-03-10,29355.01
2021-03-11,29356.9
2021-03-12,29358.8
2021-03-13,29360.69
2021-03-14,29362.58
2021-03-15,29364.47
2021-03-16,29366.37
2021-03-17,29368.26
2021-03-18,29370.15
2021-03-19,29372.04
2021-03-20,29373.94
2021-03-21,29375.83
2021-03-22,29377.72
2021-03-23,29379.62
2021-03-24,29381.51
2021-03-25,29383.41
2021-03-26,29385.3
2021-03-27,29387.19
2021-03-28,29389.09
2021-03-29,29390.98
2021-03-30,29392.88
2021-03-31,29394.77
2021-04-01,29396.67
2021-04-02,29398.56
2021-04-03,29400.45
2021-04-04,29402.35
2021-04-05,29404.24
2021-04-06,29406.14
2021-04-07,29408.04
2021-04-08,29409.93
2021-04-09,29411.83
2021-04-10,29415.74
2021-04-11,29419.66
2021-04-12,29423.57
2021-04-13,29427.49
2021-04-14,29431.41
2021-04-15,29435.32
2021-04-16,29439.24
2021-04-17,29443.16
2021-04-18,29447.07
2021-04-19,29450.99
2021-04-20,29454.91
2021-04-21,29458.83
2021-04-22,29462.75
2021-04-23,29466.67
2021-04-24,29470.59
2021-04-25,29474.52
2021-04-26,29478.44
2021-04-27,29482.36
2021-04-28,29486.29
2021-04-29,29490.21
2021-04-30,29494.13
2021-05-01,29498.06
2021-05-02,29501.98
2021-05-03,29505.91
2021-05-04,29509.84
2021-05-05,29513.76
2021-05-06,29517.69
2021-05-07,29521.62
2021-05-08,29525.55
2021-05-09,29529.48
2021-05-10,29533.28
2021-05-11,29537.09
2021-05-12,29540.89
2021-05-13,29544.69
2021-05-14,29548.5
2021-05-15,29552.3
2021-05-16,29556.11
2021-05-17,29559.92
2021-05-18,29563.72
2021-05-19,29567.53
2021-05-20,29571.34
2021-05-21,29575.15
2021-05-22,29578.96
2021-05-23,29582.77
2021-05-24,29586.57
2021-05-25,29590.39
2021-05-26,29594.2
2021-05-27,29598.01
2021-05-28,29601.82
2021-05-29,29605.63
2021-05-30,29609.44
2021-05-31,29613.26
2021-06-01,29617.07
2021-06-02,29620.88
2021-06-03,29624.7
2021-06-04,29628.51
2021-06-05,29632.33
2021-06-06,29636.15
2021-06-07,29639.96
2021-06-08,29643.78
2021-06-09,29647.6
2021-06-10,29650.56
2021-06-11,29653.52
2021-06-12,29656.48
2021-06-13,29659.44
2021-06-14,29662.41
2021-06-15,29665.37
2021-06-16,29668.33
2021-06-17,29671.29
2021-06-18,29674.25
2021-06-19,29677.22
2021-06-20,29680.18
2021-06-21,29683.15
2021-06-22,29686.11
2021-06-23,29689.07
2021-06-24,29692.04
2021-06-25,29695
2021-06-26,29697.97
2021-06-27,29700.93
2021-06-28,29703.9
2021-06-29,29706.87
2021-06-30,29709.83
2021-07-01,29712.8
2021-07-02,29715.77
2021-07-03,29718.73
2021-07-04,29721.7
2021-07-05,29724.67
2021-07-06,29727.64
2021-07-07,29730.6
2021-07-08,29733.57
2021-07-09,29736.54
2021-07-10,29737.5
2021-07-11,29738.46
2021-07-12,29739.42
2021-07-13,29740.38
2021-07-14,29741.33
2021-07-15,29742.29
2021-07-16,29743.25
2021-07-17,29744.21
2021-07-18,29745.17
2021-07-19,29746.13
2021-07-20,29747.09
2021-07-21,29748.05
2021-07-22,29749.01
2021-07-23,29749.97
2021-07-24,29750.92
2021-07-25,29751.88
2021-07-26,29752.84
2021-07-27,29753.8
2021-07-28,29754.76
2021-07-29,29755.72
2021-07-30,29756.68
2021-07-31,29757.64
2021-08-01,29758.6
2021-08-02,29759.56
2021-08-03,29760.52
2021-08-04,29761.48
2021-08-05,29762.44
2021-08-06,29763.4
2021-08-07,29764.36
2021-08-08,29765.32
2021-08-09,29766.28
2021-08-10,29773.93
2021-08-11,29781.59
2021-08-12,29789.24
2021-08-13,29796.9
2021-08-14,29804.56
2021-08-15,29812.22
2021-08-16,29819.89
2021-08-17,29827.55
2021-08-18,29835.22
2021-08-19,29842.89
2021-08-20,29850.56
2021-08-21,29858.23
2021-08-22,29865.91
2021-08-23,29873.59
2021-08-24,29881.27
2021-08-25,29888.95
2021-08-26,29896.63
2021-08-27,29904.32
2021-08-28,29912.01
2021-08-29,29919.7
2021-08-30,29927.39
2021-08-31,29935.08
2021-09-01,29942.78
2021-09-02,29950.47
2021-09-03,29958.17
2021-09-04,29965.87
2021-09-05,29973.58
2021-09-06,29981.28
2021-09-07,29988.99
2021-09-08,29996.7
2021-09-09,30004.41
2021-09-10,30008.4
2021-09-11,30012.4
2021-09-12,30016.39
2021-09-13,30020.38
2021-09-14,30024.38
2021-09-15,30028.38
2021-09-16,30032.37
2021-09-17,30036.37
2021-09-18,30040.36
2021-09-19,30044.36
2021-09-20,30048.36
2021-09-21,30052.36
2021-09-22,30056.36
2021-09-23,30060.36
2021-09-24,30064.36
2021-09-25,30068.36
2021-09-26,30072.36
2021-09-27,30076.36
2021-09-28,30080.37
2021-09-29,30084.37
2021-09-30,30088.37
2021-10-01,30092.38
2021-10-02,30096.38
2021-10-03,30100.39
2021-10-04,30104.39
2021-10-05,30108.4
2021-10-06,30112.4
2021-10-07,30116.41
2021-10-08,30120.42
2021-10-09,30124.43
2021-10-10,30136.02
2021-10-11,30147.62
2021-10-12,30159.23
2021-10-13,30170.83
2021-10-14,30182.44
2021-10-15,30194.06
2021-10-16,30205.68
2021-10-17,30217.31
2021-10-18,30228.94
2021-10-19,30240.57
2021-10-20,30252.21
2021-10-21,30263.85
2021-10-22,30275.5
2021-10-23,30287.15
2021-10-24,30298.81
2021-10-25,30310.47
2021-10-26,30322.13
2021-10-27,30333.8
2021-10-28,30345.48
2021-10-29,30357.16
2021-10-30,30368.84
2021-10-31,30380.53
2021-11-01,30392.22
2021-11-02,30403.92
2021-11-03,30415.62
2021-11-04,30427.33
2021-11-05,30439.04
2021-11-06,30450.75
2021-11-07,30462.47
2021-11-08,30474.19
2021-11-09,30485.92
2021-11-10,30499.05
2021-11-11,30512.18
2021-11-12,30525.32
2021-11-13,30538.47
2021-11-14,30551.62
2021-11-15,30564.77
2021-11-16,30577.94
2021-11-17,30591.1
2021-11-18,30604.28
2021-11-19,30617.46
2021-11-20,30630.64
2021-11-21,30643.83
2021-11-22,30657.03
2021-11-23,30670.23
2021-11-24,30683.44
2021-11-25,30696.65
2021-11-26,30709.87
2021-11-27,30723.1
2021-11-28,30736.33
2021-11-29,30749.56
2021-11-30,30762.8
2021-12-01,30776.05
2021-12-02,30789.3
2021-12-03,30802.56
2021-12-04,30815.83
2021-12-05,30829.1
2021-12-06,30842.37
2021-12-07,30855.66
2021-12-08,30868.94
2021-12-09,30882.24
2021-12-10,30887.21
2021-12-11,30892.18
2021-12-12,30897.15
2021-12-13,30902.12
2021-12-14,30907.09
2021-12-15,30912.07
2021-12-16,30917.04
2021-12-17,30922.01
2021-12-18,30926.99
2021-12-19,30931.97
2021-12-20,30936.94
2021-12-21,30941.92
2021-12-22,30946.9
2021-12-23,30951.88
2021-12-24,30956.86
2021-12-25,30961.84
2021-12-26,30966.82
2021-12-27,30971.8
2021-12-28,30976.79
2021-12-29,30981.77
2021-12-30,30986.76
2021-12-31,30991.74
2022-01-01,30996.73
2022-01-02,31001.72
2022-01-03,31006.71
2022-01-04,31011.69
2022-01-05,31016.68
2022-01-06,31021.67
2022-01-07,31026.67
2022-01-08,31031.66
2022-01-09,31036.65
2022-01-10,31044.63
2022-01-11,31052.61
2022-01-12,31060.59
2022-01-13,31068.58
2022-01-14,31076.56
2022-01-15,31084.55
2022-01-16,31092.54
2022-01-17,31100.54
2022-01-18,31108.53
2022-01-19,31116.53
2022-01-20,31124.53
2022-01-21,31132.53
2022-01-22,31140.53
2022-01-23,31148.54
2022-01-24,31156.54
2022-01-25,31164.55
2022-01-26,31172.57
2022-01-27,31180.58
2022-01-28,31188.59
2022-01-29,31196.61
2022-01-30,31204.63
2022-01-31,31212.65
2022-02-01,31220.68
2022-02-02,31228.7
2022-02-03,31236.73
2022-02-04,31244.76
2022-02-05,31252.79
2022-02-06,31260.83
2022-02-07,31268.86
2022-02-08,31276.9
2022-02-09,31284.94
2022-02-10,31298.27
2022-02-11,31311.61
2022-02-12,31324.95
2022-02-13,31338.3
2022-02-14,31351.65
2022-02-15,31365.01
2022-02-16,31378.38
2022-02-17,31391.75
2022-02-18,31405.12
2022-02-19,31418.5
2022-02-20,31431.89
2022-02-21,31445.29
2022-02-22,31458.68
2022-02-23,31472.09
2022-02-24,31485.5
2022-02-25,31498.92
2022-02-26,31512.34
2022-02-27,31525.77
2022-02-28,31539.2
2022-03-01,31552.64
2022-03-02,31566.08
2022-03-03,31579.53
2022-03-04,31592.99
2022-03-05,31606.45
2022-03-06,31619.92
2022-03-07,31633.39
2022-03-08,31646.87
2022-03-09,31660.36
2022-03-10,31663.42
2022-03-11,31666.48
2022-03-12,31669.54
2022-03-13,31672.6
2022-03-14,31675.66
2022-03-15,31678.72
2022-03-16,31681.78
2022-03-17,31684.84
2022-03-18,31687.91
2022-03-19,31690.97
2022-03-20,31694.03
2022-03-21,31697.09
2022-03-22,31700.16
2022-03-23,31703.22
2022-03-24,31706.28
2022-03-25,31709.35
2022-03-26,31712.41
2022-03-27,31715.48
2022-03-28,31718.54
2022-03-29,31721.61
2022-03-30,31724.67
2022-03-31,31727.74
2022-04-01,31730.8
2022-04-02,31733.87
2022-04-03,31736.94
2022-04-04,31740
2022-04-05,31743.07
2022-04-06,31746.14
2022-04-07,31749.2
2022-04-08,31752.27
2022-04-09,31755.34
2022-04-10,31775.27
2022-04-11,31795.21
2022-04-12,31815.17
2022-04-13,31835.13
2022-04-14,31855.11
2022-04-15,31875.1
2022-04-16,31895.11
2022-04-17,31915.12
2022-04-18,31935.15
2022-04-19,31955.2
2022-04-20,31975.25
2022-04-21,31995.32
2022-04-22,32015.4
2022-04-23,32035.49
2022-04-24,32055.6
2022-04-25,32075.71
2022-04-26,32095.84
2022-04-27,32115.99
2022-04-28,32136.14
2022-04-29,32156.31
2022-04-30,32176.49
2022-05-01,32196.69
2022-05-02,32216.89
2022-05-03,32237.11
2022-05-04,32257.34
2022-05-05,32277.59
2022-05-06,32297.84
2022-05-07,32318.11
2022-05-08,32338.4
2022-05-09,32358.69
2022-05-10,32373.21
2022-05-11,32387.73
2022-05-12,32402.26
2022-05-13,32416.79
2022-05-14,32431.33
2022-05-15,32445.88
2022-05-16,32460.44
2022-05-17,32475
2022-05-18,32489.56
2022-05-19,32504.14
2022-05-20,32518.72
2022-05-21,32533.31
2022-05-22,32547.9
2022-05-23,32562.5
2022-05-24,32577.11
2022-05-25,32591.72
2022-05-26,32606.34
2022-05-27,32620.97
2022-05-28,32635.6
2022-05-29,32650.24
2022-05-30,32664.89
2022-05-31,32679.54
2022-06-01,32694.2
2022-06-02,32708.87
2022-06-03,32723.54
2022-06-04,32738.22
2022-06-05,32752.9
2022-06-06,32767.6
2022-06-07,32782.29
2022-06-08,32797
2022-06-09,32811.71
2022-06-10,32824.76
2022-06-11,32837.81
2022-06-12,32850.87
2022-06-13,32863.94
2022-06-14,32877.01
2022-06-15,32890.08
2022-06-16,32903.16
2022-06-17,32916.25
2022-06-18,32929.34
2022-06-19,32942.44
2022-06-20,32955.54
2022-06-21,32968.64
2022-06-22,32981.75
2022-06-23,32994.87
2022-06-24,33007.99
2022-06-25,33021.12
2022-06-26,33034.25
2022-06-27,33047.39
2022-06-28,33060.53
2022-06-29,33073.68
2022-06-30,33086.83
2022-07-01,33099.99
2022-07-02,33113.16
2022-07-03,33126.33
2022-07-04,33139.5
2022-07-05,33152.68
2022-07-06,33165.86
2022-07-07,33179.05
2022-07-08,33192.25
2022-07-09,33205.45
2022-07-10,33215.05
2022-07-11,33224.65
2022-07-12,33234.25
2022-07-13,33243.86
2022-07-14,33253.47
2022-07-15,33263.08
2022-07-16,33272.7
2022-07-17,33282.32
2022-07-18,33291.94
2022-07-19,33301.56
2022-07-20,33311.19
2022-07-21,33320.82
2022-07-22,33330.45
2022-07-23,33340.08
2022-07-24,33349.72
2022-07-25,33359.36
2022-07-26,33369
2022-07-27,33378.65
2022-07-28,33388.3
2022-07-29,33397.95
2022-07-30,33407.6
2022-07-31,33417.26
2022-08-01,33426.92
2022-08-02,33436.58
2022-08-03,33446.25
2022-08-04,33455.92
2022-08-05,33465.59
2022-08-06,33475.26
2022-08-07,33484.94
2022-08-08,33494.62
2022-08-09,33504.3
2022-08-10,33519.33
2022-08-11,33534.37
2022-08-12,33549.41
2022-08-13,33564.46
2022-08-14,33579.51
2022-08-15,33594.58
2022-08-16,33609.65
2022-08-17,33624.72
2022-08-18,33639.81
2022-08-19,33654.9
2022-08-20,33669.99
2022-08-21,33685.1
2022-08-22,33700.21
2022-08-23,33715.33
2022-08-24,33730.45
2022-08-25,33745.58
2022-08-26,33760.72
2022-08-27,33775.86
2022-08-28,33791.01
2022-08-29,33806.17
2022-08-30,33821.34
2022-08-31,33836.51
2022-09-01,33851.69
2022-09-02,33866.87
2022-09-03,33882.06
2022-09-04,33897.26
2022-09-05,33912.47
2022-09-06,33927.68
2022-09-07,33942.9
2022-09-08,33958.13
2022-09-09,33973.36
2022-09-10,33986.87
2022-09-11,34000.39
2022-09-12,34013.91
2022-09-13,34027.44
2022-09-14,34040.97
2022-09-15,34054.51
2022-09-16,34068.05
2022-09-17,34081.6
2022-09-18,34095.15
2022-09-19,34108.71
2022-09-20,34122.28
2022-09-21,34135.85
2022-09-22,34149.42
2022-09-23,34163.01
2022-09-24,34176.59
2022-09-25,34190.18
2022-09-26,34203.78
2022-09-27,34217.38
2022-09-28,34230.99
2022-09-29,34244.61
2022-09-30,34258.23
2022-10-01,34271.85
2022-10-02,34285.48
2022-10-03,34299.11
2022-10-04,34312.76
2022-10-05,34326.4
2022-10-06,34340.05
2022-10-07,34353.71
2022-10-08,34367.37
2022-10-09,34381.04
2022-10-10,34390.98
2022-10-11,34400.92
2022-10-12,34410.86
2022-10-13,34420.81
2022-10-14,34430.76
2022-10-15,34440.71
2022-10-16,34450.67
2022-10-17,34460.63
2022-10-18,34470.59
2022-10-19,34480.55
2022-10-20,34490.52
2022-10-21,34500.49
2022-10-22,34510.46
2022-10-23,34520.44
2022-10-24,34530.42
2022-10-25,34540.4
2022-10-26,34550.38
2022-10-27,34560.37
2022-10-28,34570.36
2022-10-29,34580.35
2022-10-30,34590.35
2022-10-31,34600.35
2022-11-01,34610.35
2022-11-02,34620.36
2022-11-03,34630.36
2022-11-04,34640.37
2022-11-05,34650.39
2022-11-06,34660.4
2022-11-07,34670.42
2022-11-08,34680.44
2022-11-09,34690.47
2022-11-10,34696.24
2022-11-11,34702.01
2022-11-12,34707.78
2022-11-13,34713.55
2022-11-14,34719.32
2022-11-15,34725.09
2022-11-16,34730.86
2022-11-17,34736.64
2022-11-18,34742.41
2022-11-19,34748.19
2022-11-20,34753.97
2022-11-21,34759.75
2022-11-22,34765.53
2022-11-23,34771.31
2022-11-24,34777.09
2022-11-25,34782.87
2022-11-26,34788.65
2022-11-27,34794.44
2022-11-28,34800.22
2022-11-29,34806.01
2022-11-30,34811.8
2022-12-01,34817.58
2022-12-02,34823.37
2022-12-03,34829.16
2022-12-04,34834.95
2022-12-05,34840.75
2022-12-06,34846.54
2022-12-07,34852.33
2022-12-08,34858.13
2022-12-09,34863.92
2022-12-10,34875.11
2022-12-11,34886.31
2022-12-12,34897.51
2022-12-13,34908.71
2022-12-14,34919.92
2022-12-15,34931.13
2022-12-16,34942.34
2022-12-17,34953.56
2022-12-18,34964.78
2022-12-19,34976.01
2022-12-20,34987.23
2022-12-21,34998.47
2022-12-22,35009.7
2022-12-23,35020.94
2022-12-24,35032.18
2022-12-25,35043.43
2022-12-26,35054.68
2022-12-27,35065.93
2022-12-28,35077.19
2022-12-29,35088.45
2022-12-30,35099.72
2022-12-31,35110.98
2023-01-01,35122.26
2023-01-02,35133.53
2023-01-03,35144.81
2023-01-04,35156.09
2023-01-05,35167.38
2023-01-06,35178.67
2023-01-07,35189.96
2023-01-08,35201.26
2023-01-09,35212.56
2023-01-10,35215.96
2023-01-11,35219.37
2023-01-12,35222.77
2023-01-13,35226.17
2023-01-14,35229.58
2023-01-15,35232.98
2023-01-16,35236.39
2023-01-17,35239.79
2023-01-18,35243.2
2023-01-19,35246.6
2023-01-20,35250.01
2023-01-21,35253.41
2023-01-22,35256.82
2023-01-23,35260.23
2023-01-24,35263.64
2023-01-25,35267.04
2023-01-26,35270.45
2023-01-27,35273.86
2023-01-28,35277.27
2023-01-29,35280.68
2023-01-30,35284.09
2023-01-31,35287.5
2023-02-01,35290.91
2023-02-02,35294.32
2023-02-03,35297.73
2023-02-04,35301.14
2023-02-05,35304.55
2023-02-06,35307.96
2023-02-07,35311.37
2023-02-08,35314.79
2023-02-09,35318.2
2023-02-10,35328.25
2023-02-11,35338.31
2023-02-12,35348.37
2023-02-13,35358.43
2023-02-14,35368.49
2023-02-15,35378.56
2023-02-16,35388.63
2023-02-17,35398.7
2023-02-18,35408.77
2023-02-19,35418.85
2023-02-20,35428.93
2023-02-21,35439.02
2023-02-22,35449.1
2023-02-23,35459.19
2023-02-24,35469.28
2023-02-25,35479.38
2023-02-26,35489.48
2023-02-27,35499.58
2023-02-28,35509.68
2023-03-01,35519.79
2023-03-02,35529.9
2023-03-03,35540.01
2023-03-04,35550.13
2023-03-05,35560.24
2023-03-06,35570.37
2023-03-07,35580.49
2023-03-08,35590.62
2023-03-09,35600.75
2023-03-10,35599.6
2023-03-11,35598.45
2023-03-12,35597.3
2023-03-13,35596.15
2023-03-14,35595.01
2023-03-15,35593.86
2023-03-16,35592.71
2023-03-17,35591.56
2023-03-18,35590.41
2023-03-19,35589.26
2023-03-20,35588.11
2023-03-21,35586.96
2023-03-22,35585.82
2023-03-23,35584.67
2023-03-24,35583.52
2023-03-25,35582.37
2023-03-26,35581.22
2023-03-27,35580.07
2023-03-28,35578.93
2023-03-29,35577.78
2023-03-30,35576.63
2023-03-31,35575.48
2023-04-01,35574.33
2023-04-02,35573.19
2023-04-03,35572.04
2023-04-04,35570.89
2023-04-05,35569.74
2023-04-06,35568.59
2023-04-07,35567.44
2023-04-08,35566.3
2023-04-09,35565.15
2023-04-10,35578.12
2023-04-11,35591.1
2023-04-12,35604.08
2023-04-13,35617.07
2023-04-14,35630.06
2023-04-15,35643.05
2023-04-16,35656.05
2023-04-17,35669.06
2023-04-18,35682.07
2023-04-19,35695.08
2023-04-20,35708.1
2023-04-21,35721.12
2023-04-22,35734.15
2023-04-23,35747.19
2023-04-24,35760.22
2023-04-25,35773.27
2023-04-26,35786.31
2023-04-27,35799.37
2023-04-28,35812.42
2023-04-29,35825.49
2023-04-30,35838.55
2023-05-01,35851.62
2023-05-02,35864.7
2023-05-03,35877.78
2023-05-04,35890.87
2023-05-05,35903.96
2023-05-06,35917.05
2023-05-07,35930.15
2023-05-08,35943.26
2023-05-09,35956.37
2023-05-10,35959.84
2023-05-11,35963.32
2023-05-12,35966.79
2023-05-13,35970.27
2023-05-14,35973.75
2023-05-15,35977.22
2023-05-16,35980.7
2023-05-17,35984.18
2023-05-18,35987.65
2023-05-19,35991.13
2023-05-20,35994.61
2023-05-21,35998.09
2023-05-22,36001.57
2023-05-23,36005.05
2023-05-24,36008.52
2023-05-25,36012
2023-05-26,36015.48
2023-05-27,36018.96
2023-05-28,36022.44
2023-05-29,36025.93
2023-05-30,36029.41
2023-05-31,36032.89
2023-06-01,36036.37
2023-06-02,36039.85
2023-06-03,36043.34
2023-06-04,36046.82
2023-06-05,36050.3
2023-06-06,36053.79
2023-06-07,36057.27
2023-06-08,36060.75
2023-06-09,36064.24
2023-06-10,36065.44
2023-06-11,36066.64
2023-06-12,36067.84
2023-06-13,36069.05
2023-06-14,36070.25
2023-06-15,36071.45
2023-06-16,36072.65
2023-06-17,36073.85
2023-06-18,36075.06
2023-06-19,36076.26
2023-06-20,36077.46
2023-06-21,36078.66
2023-06-22,36079.86
2023-06-23,36081.07
2023-06-24,36082.27
2023-06-25,36083.47
2023-06-26,36084.67
2023-06-27,36085.87
2023-06-28,36087.08
2023-06-29,36088.28
2023-06-30,36089.48
2023-07-01,36090.68
2023-07-02,36091.89
2023-07-03,36093.09
2023-07-04,36094.29
2023-07-05,36095.49
2023-07-06,36096.7
2023-07-07,36097.9
2023-07-08,36099.1
2023-07-09,36100.3
2023-07-10,36097.97
2023-07-11,36095.64
2023-07-12,36093.31
2023-07-13,36090.98
2023-07-14,36088.64
2023-07-15,36086.31
2023-07-16,36083.98
2023-07-17,36081.65
2023-07-18,36079.32
2023-07-19,36076.99
2023-07-20,36074.66
2023-07-21,36072.33
2023-07-22,36070
2023-07-23,36067.68
2023-07-24,36065.35
2023-07-25,36063.02
2023-07-26,36060.69
2023-07-27,36058.36
2023-07-28,36056.03
2023-07-29,36053.7
2023-07-30,36051.37
2023-07-31,36049.05
2023-08-01,36046.72
2023-08-02,36044.39
2023-08-03,36042.06
2023-08-04,36039.73
2023-08-05,36037.41
2023-08-06,36035.08
2023-08-07,36032.75
2023-08-08,36030.43
2023-08-09,36028.1
2023-08-10,36032.74
2023-08-11,36037.38
2023-08-12,36042.02
2023-08-13,36046.66
2023-08-14,36051.31
2023-08-15,36055.95
2023-08-16,36060.59
2023-08-17,36065.24
2023-08-18,36069.88
2023-08-19,36074.53
2023-08-20,36079.17
2023-08-21,36083.82
2023-08-22,36088.46
2023-08-23,36093.11
2023-08-24,36097.76
2023-08-25,36102.41
2023-08-26,36107.06
2023-08-27,36111.71
2023-08-28,36116.36
2023-08-29,36121.01
2023-08-30,36125.66
2023-08-31,36130.31
2023-09-01,36134.97
2023-09-02,36139.62
2023-09-03,36144.27
2023-09-04,36148.93
2023-09-05,36153.58
2023-09-06,36158.24
2023-09-07,36162.9
2023-09-08,36167.55
2023-09-09,36172.21
2023-09-10,36173.42
2023-09-11,36174.62
2023-09-12,36175.83
2023-09-13,36177.03
2023-09-14,36178.24
2023-09-15,36179.44
2023-09-16,36180.65
2023-09-17,36181.85
2023-09-18,36183.06
2023-09-19,36184.26
2023-09-20,36185.47
2023-09-21,36186.67
2023-09-22,36187.88
2023-09-23,36189.09
2023-09-24,36190.29
2023-09-25,36191.5
2023-09-26,36192.7
2023-09-27,36193.91
2023-09-28,36195.11
2023-09-29,36196.32
2023-09-30,36197.53
2023-10-01,36198.73
2023-10-02,36199.94
2023-10-03,36201.14
2023-10-04,36202.35
2023-10-05,36203.56
2023-10-06,36204.76
2023-10-07,36205.97
2023-10-08,36207.18
2023-10-09,36208.38
2023-10-10,36216.53
2023-10-11,36224.68
2023-10-12,36232.83
2023-10-13,36240.99
2023-10-14,36249.14
2023-10-15,36257.3
2023-10-16,36265.46
2023-10-17,36273.62
2023-10-18,36281.78
2023-10-19,36289.95
2023-10-20,36298.11
2023-10-21,36306.28
2023-10-22,36314.45
2023-10-23,36322.63
2023-10-24,36330.8
2023-10-25,36338.98
2023-10-26,36347.15
2023-10-27,36355.33
2023-10-28,36363.52
2023-10-29,36371.7
2023-10-30,36379.88
2023-10-31,36388.07
2023-11-01,36396.26
2023-11-02,36404.45
2023-11-03,36412.64
2023-11-04,36420.84
2023-11-05,36429.03
2023-11-06,36437.23
2023-11-07,36445.43
2023-11-08,36453.63
2023-11-09,36461.84
2023-11-10,36466.69
2023-11-11,36471.55
2023-11-12,36476.4
2023-11-13,36481.25
2023-11-14,36486.11
2023-11-15,36490.96
2023-11-16,36495.82
2023-11-17,36500.68
2023-11-18,36505.53
2023-11-19,36510.39
2023-11-20,36515.25
2023-11-21,36520.11
2023-11-22,36524.97
2023-11-23,36529.83
2023-11-24,36534.69
2023-11-25,36539.55
2023-11-26,36544.42
2023-11-27,36549.28
2023-11-28,36554.14
2023-11-29,36559.01
2023-11-30,36563.87
2023-12-01,36568.74
2023-12-02,36573.6
2023-12-03,36578.47
2023-12-04,36583.34
2023-12-05,36588.21
2023-12-06,36593.08
2023-12-07,36597.95
2023-12-08,36602.82
2023-12-09,36607.69
2023-12-10,36615.93
2023-12-11,36624.17
2023-12-12,36632.41
2023-12-13,36640.65
2023-12-14,36648.9
2023-12-15,36657.15
2023-12-16,36665.4
2023-12-17,36673.65
2023-12-18,36681.9
2023-12-19,36690.16
2023-12-20,36698.41
2023-12-21,36706.67
2023-12-22,36714.93
2023-12-23,36723.2
2023-12-24,36731.46
2023-12-25,36739.73
2023-12-26,36747.99
2023-12-27,36756.26
2023-12-28,36764.54
2023-12-29,36772.81
2023-12-30,36781.09
2023-12-31,36789.36
2024-01-01,36797.64
2024-01-02,36805.92
2024-01-03,36814.21
2024-01-04,36822.49
2024-01-05,36830.78
2024-01-06,36839.07
2024-01-07,36847.36
2024-01-08,36855.65
2024-01-09,36863.94
2024-01-10,36857.98
2024-01-11,36852.02
2024-01-12,36846.06
2024-01-13,36840.1
2024-01-14,36834.15
2024-01-15,36828.19
2024-01-16,36822.24
2024-01-17,36816.29
2024-01-18,36810.33
2024-01-19,36804.38
2024-01-20,36798.43
2024-01-21,36792.48
2024-01-22,36786.53
2024-01-23,36780.58
2024-01-24,36774.64
2024-01-25,36768.69
2024-01-26,36762.75
2024-01-27,36756.8
2024-01-28,36750.86
2024-01-29,36744.92
2024-01-30,36738.98
2024-01-31,36733.04
2024-02-01,36727.1
2024-02-02,36721.16
2024-02-03,36715.22
2024-02-04,36709.29
2024-02-05,36703.35
2024-02-06,36697.42
2024-02-07,36691.48
2024-02-08,36685.55
2024-02-09,36679.62
2024-02-10,36688.44
2024-02-11,36697.27
2024-02-12,36706.1
2024-02-13,36714.93
2024-02-14,36723.76
2024-02-15,36732.6
2024-02-16,36741.43
2024-02-17,36750.27
2024-02-18,36759.11
2024-02-19,36767.95
2024-02-20,36776.8
2024-02-21,36785.65
2024-02-22,36794.5
2024-02-23,36803.35
2024-02-24,36812.2
2024-02-25,36821.06
2024-02-26,36829.92
2024-02-27,36838.78
2024-02-28,36847.64
2024-02-29,36856.5
2024-03-01,36865.37
2024-03-02,36874.24
2024-03-03,36883.11
2024-03-04,36891.98
2024-03-05,36900.86
2024-03-06,36909.73
2024-03-07,36918.61
2024-03-08,36927.49
2024-03-09,36936.38
2024-03-10,36943.51
2024-03-11,36950.64
2024-03-12,36957.77
2024-03-13,36964.9
2024-03-14,36972.04
2024-03-15,36979.17
2024-03-16,36986.31
2024-03-17,36993.44
2024-03-18,37000.58
2024-03-19,37007.72
2024-03-20,37014.87
2024-03-21,37022.01
2024-03-22,37029.16
2024-03-23,37036.3
2024-03-24,37043.45
2024-03-25,37050.6
2024-03-26,37057.75
2024-03-27,37064.9
2024-03-28,37072.05
2024-03-29,37079.21
2024-03-30,37086.36
2024-03-31,37093.52
2024-04-01,37100.68
2024-04-02,37107.84
2024-04-03,37115
2024-04-04,37122.16
2024-04-05,37129.33
2024-04-06,37136.49
2024-04-07,37143.66
2024-04-08,37150.83
2024-04-09,37158
2024-04-10,37162.94
2024-04-11,37167.89
2024-04-12,37172.84
2024-04-13,37177.78
2024-04-14,37182.73
2024-04-15,37187.68
2024-04-16,37192.63
2024-04-17,37197.58
2024-04-18,37202.53
2024-04-19,37207.48
2024-04-20,37212.43
2024-04-21,37217.38
2024-04-22,37222.33
2024-04-23,37227.29
2024-04-24,37232.24
2024-04-25,37237.2
2024-04-26,37242.15
2024-04-27,37247.11
2024-04-28,37252.06
2024-04-29,37257.02
2024-04-30,37261.98
2024-05-01,37266.94
2024-05-02,37271.9
2024-05-03,37276.86
2024-05-04,37281.82
2024-05-05,37286.78
2024-05-06,37291.74
2024-05-07,37296.7
2024-05-08,37301.67
2024-05-09,37306.63
2024-05-10,37312.63
2024-05-11,37318.64
2024-05-12,37324.64
2024-05-13,37330.65
2024-05-14,37336.65
2024-05-15,37342.66
2024-05-16,37348.67
2024-05-17,37354.68
2024-05-18,37360.69
2024-05-19,37366.7
2024-05-20,37372.71
2024-05-21,37378.73
2024-05-22,37384.74
2024-05-23,37390.76
2024-05-24,37396.77
2024-05-25,37402.79
2024-05-26,37408.81
2024-05-27,37414.83
2024-05-28,37420.85
2024-05-29,37426.87
2024-05-30,37432.89
2024-05-31,37438.91
2024-06-01,37444.94
2024-06-02,37450.96
2024-06-03,37456.99
2024-06-04,37463.01
2024-06-05,37469.04
2024-06-06,37475.07
2024-06-07,37481.1
2024-06-08,37487.13
2024-06-09,37493.16
2024-06-10,37496.9
2024-06-11,37500.65
2024-06-12,37504.39
2024-06-13,37508.14
2024-06-14,37511.88
2024-06-15,37515.63
2024-06-16,37519.38
2024-06-17,37523.12
2024-06-18,37526.87
2024-06-19,37530.62
2024-06-20,37534.36
2024-06-21,37538.11
2024-06-22,37541.86
2024-06-23,37545.61
2024-06-24,37549.36
2024-06-25,37553.11
2024-06-26,37556.86
2024-06-27,37560.61
2024-06-28,37564.36
2024-06-29,37568.11
2024-06-30,37571.86
2024-07-01,37575.61
2024-07-02,37579.36
2024-07-03,37583.12
2024-07-04,37586.87
2024-07-05,37590.62
2024-07-06,37594.38
2024-07-07,37598.13
2024-07-08,37601.88
2024-07-09,37605.64
2024-07-10,37604.43
2024-07-11,37603.21
2024-07-12,37602
2024-07-13,37600.79
2024-07-14,37599.57
2024-07-15,37598.36
2024-07-16,37597.15
2024-07-17,37595.93
2024-07-18,37594.72
2024-07-19,37593.51
2024-07-20,37592.29
2024-07-21,37591.08
2024-07-22,37589.87
2024-07-23,37588.65
2024-07-24,37587.44
2024-07-25,37586.23
2024-07-26,37585.01
2024-07-27,37583.8
2024-07-28,37582.59
2024-07-29,37581.37
2024-07-30,37580.16
2024-07-31,37578.95
2024-08-01,37577.74
2024-08-02,37576.52
2024-08-03,37575.31
2024-08-04,37574.1
2024-08-05,37572.88
2024-08-06,37571.67
2024-08-07,37570.46
2024-08-08,37569.25
2024-08-09,37568.03
2024-08-10,37576.48
2024-08-11,37584.94
2024-08-12,37593.4
2024-08-13,37601.86
2024-08-14,37610.32
2024-08-15,37618.79
2024-08-16,37627.25
2024-08-17,37635.72
2024-08-18,37644.19
2024-08-19,37652.66
2024-08-20,37661.13
2024-08-21,37669.61
2024-08-22,37678.09
2024-08-23,37686.57
2024-08-24,37695.05
2024-08-25,37703.53
2024-08-26,37712.02
2024-08-27,37720.5
2024-08-28,37728.99
2024-08-29,37737.48
2024-08-30,37745.97
2024-08-31,37754.47
2024-09-01,37762.97
2024-09-02,37771.46
2024-09-03,37779.96
2024-09-04,37788.47
2024-09-05,37796.97
2024-09-06,37805.48
2024-09-07,37813.98
2024-09-08,37822.49
2024-09-09,37831.01
2024-09-10,37834.79
2024-09-11,37838.57
2024-09-12,37842.34
2024-09-13,37846.12
2024-09-14,37849.9
2024-09-15,37853.68
2024-09-16,37857.46
2024-09-17,37861.24
2024-09-18,37865.02
2024-09-19,37868.8
2024-09-20,37872.58
2024-09-21,37876.37
2024-09-22,37880.15
2024-09-23,37883.93
2024-09-24,37887.71
2024-09-25,37891.5
2024-09-26,37895.28
2024-09-27,37899.07
2024-09-28,37902.85
2024-09-29,37906.63
2024-09-30,37910.42
2024-10-01,37914.2
2024-10-02,37917.99
2024-10-03,37921.78
2024-10-04,37925.56
2024-10-05,37929.35
2024-10-06,37933.14
2024-10-07,37936.93
2024-10-08,37940.71
2024-10-09,37944.5
2024-10-10,37945.72
2024-10-11,37946.95
2024-10-12,37948.17
2024-10-13,37949.39
2024-10-14,37950.62
2024-10-15,37951.84
2024-10-16,37953.06
2024-10-17,37954.29
2024-10-18,37955.51
2024-10-19,37956.74
2024-10-20,37957.96
2024-10-21,37959.18
2024-10-22,37960.41
2024-10-23,37961.63
2024-10-24,37962.86
2024-10-25,37964.08
2024-10-26,37965.3
2024-10-27,37966.53
2024-10-28,37967.75
2024-10-29,37968.98
2024-10-30,37970.2
2024-10-31,37971.42
2024-11-01,37972.65
2024-11-02,37973.87
2024-11-03,37975.1
2024-11-04,37976.32
2024-11-05,37977.55
2024-11-06,37978.77
2024-11-07,37980
2024-11-08,37981.22
2024-11-09,37982.44
2024-11-10,37995.04
2024-11-11,38007.64
2024-11-12,38020.25
2024-11-13,38032.87
2024-11-14,38045.48
2024-11-15,38058.1
2024-11-16,38070.73
2024-11-17,38083.36
2024-11-18,38095.99
2024-11-19,38108.63
2024-11-20,38121.27
2024-11-21,38133.92
2024-11-22,38146.57
2024-11-23,38159.22
2024-11-24,38171.88
2024-11-25,38184.54
2024-11-26,38197.21
2024-11-27,38209.88
2024-11-28,38222.56
2024-11-29,38235.24
2024-11-30,38247.92
2024-12-01,38260.61
2024-12-02,38273.3
2024-12-03,38286
2024-12-04,38298.7
2024-12-05,38311.4
2024-12-06,38324.11
2024-12-07,38336.83
2024-12-08,38349.54
2024-12-09,38362.26
2024-12-10,38364.73
2024-12-11,38367.21
2024-12-12,38369.68
2024-12-13,38372.15
2024-12-14,38374.62
2024-12-15,38377.1
2024-12-16,38379.57
2024-12-17,38382.05
2024-12-18,38384.52
2024-12-19,38386.99
2024-12-20,38389.47
2024-12-21,38391.94
2024-12-22,38394.42
2024-12-23,38396.89
2024-12-24,38399.37
2024-12-25,38401.84
2024-12-26,38404.32
2024-12-27,38406.79
2024-12-28,38409.27
2024-12-29,38411.74
2024-12-30,38414.22
2024-12-31,38416.69
2025-01-01,38419.17
2025-01-02,38421.65
2025-01-03,38424.12
2025-01-04,38426.6
2025-01-05,38429.08
2025-01-06,38431.55
2025-01-07,38434.03
2025-01-08,38436.51
2025-01-09,38438.98
2025-01-10,38436.5
2025-01-11,38434.02
2025-01-12,38431.53
2025-01-13,38429.05
2025-01-14,38426.57
2025-01-15,38424.09
2025-01-16,38421.61
2025-01-17,38419.13
2025-01-18,38416.64
2025-01-19,38414.16
2025-01-20,38411.68
2025-01-21,38409.2
2025-01-22,38406.72
2025-01-23,38404.24
2025-01-24,38401.76
2025-01-25,38399.28
2025-01-26,38396.8
2025-01-27,38394.32
2025-01-28,38391.84
2025-01-29,38389.36
2025-01-30,38386.88
2025-01-31,38384.41
2025-02-01,38381.93
2025-02-02,38379.45
2025-02-03,38376.97
2025-02-04,38374.49
2025-02-05,38372.01
2025-02-06,38369.54
2025-02-07,38367.06
2025-02-08,38364.58
2025-02-09,38362.1
2025-02-10,38377.09
2025-02-11,38392.09
2025-02-12,38407.09
2025-02-13,38422.1
2025-02-14,38437.12
2025-02-15,38452.14
2025-02-16,38467.16
2025-02-17,38482.2
2025-02-18,38497.23
2025-02-19,38512.28
2025-02-20,38527.33
2025-02-21,38542.38
2025-02-22,38557.45
2025-02-23,38572.51
2025-02-24,38587.59
2025-02-25,38602.67
2025-02-26,38617.75
2025-02-27,38632.84
2025-02-28,38647.94
2025-03-01,38663.05
2025-03-02,38678.15
2025-03-03,38693.27
2025-03-04,38708.39
2025-03-05,38723.52
2025-03-06,38738.65
2025-03-07,38753.79
2025-03-08,38768.93
2025-03-09,38784.08
2025-03-10,38789.07
2025-03-11,38794.07
2025-03-12,38799.07
2025-03-13,38804.06
2025-03-14,38809.06
2025-03-15,38814.06
2025-03-16,38819.06
2025-03-17,38824.06
2025-03-18,38829.06
2025-03-19,38834.06
2025-03-20,38839.06
2025-03-21,38844.06
2025-03-22,38849.06
2025-03-23,38854.06
2025-03-24,38859.07
2025-03-25,38864.07
2025-03-26,38869.08
2025-03-27,38874.08
2025-03-28,38879.09
2025-03-29,38884.1
2025-03-30,38889.1
2025-03-31,38894.11
2025-04-01,38899.12
2025-04-02,38904.13
2025-04-03,38909.14
2025-04-04,38914.15
2025-04-05,38919.16
2025-04-06,38924.18
2025-04-07,38929.19
2025-04-08,38934.2
2025-04-09,38939.22
2025-04-10,38945.69
2025-04-11,38952.17
2025-04-12,38958.65
2025-04-13,38965.12
2025-04-14,38971.6
2025-04-15,38978.08
2025-04-16,38984.56
2025-04-17,38991.04
2025-04-18,38997.53
2025-04-19,39004.01
2025-04-20,39010.5
2025-04-21,39016.98
2025-04-22,39023.47
2025-04-23,39029.96
2025-04-24,39036.45
2025-04-25,39042.94
2025-04-26,39049.43
2025-04-27,39055.92
2025-04-28,39062.41
2025-04-29,39068.91
2025-04-30,39075.41
2025-05-01,39081.9
2025-05-02,39088.4
2025-05-03,39094.9
2025-05-04,39101.4
2025-05-05,39107.9
2025-05-06,39114.4
2025-05-07,39120.91
2025-05-08,39127.41
2025-05-09,39133.92
2025-05-10,39136.44
2025-05-11,39138.96
2025-05-12,39141.49
2025-05-13,39144.01
2025-05-14,39146.53
2025-05-15,39149.06
2025-05-16,39151.58
2025-05-17,39154.1
2025-05-18,39156.63
2025-05-19,39159.15
2025-05-20,39161.67
2025-05-21,39164.2
2025-05-22,39166.72
2025-05-23,39169.25
2025-05-24,39171.77
2025-05-25,39174.3
2025-05-26,39176.82
2025-05-27,39179.35
2025-05-28,39181.87
2025-05-29,39184.4
2025-05-30,39186.92
2025-05-31,39189.45
2025-06-01,39191.97
2025-06-02,39194.5
2025-06-03,39197.03
2025-06-04,39199.55
2025-06-05,39202.08
2025-06-06,39204.61
2025-06-07,39207.13
2025-06-08,39209.66
2025-06-09,39212.19
2025-06-10,39214.8
2025-06-11,39217.41
2025-06-12,39220.03
2025-06-13,39222.64
2025-06-14,39225.25
2025-06-15,39227.86
2025-06-16,39230.48
2025-06-17,39233.09
2025-06-18,39235.7
2025-06-19,39238.31
2025-06-20,39240.93
2025-06-21,39243.54
2025-06-22,39246.15
2025-06-23,39248.77
2025-06-24,39251.38
2025-06-25,39254
2025-06-26,39256.61
2025-06-27,39259.23
2025-06-28,39261.84
2025-06-29,39264.46
2025-06-30,39267.07
2025-07-01,39269.69
2025-07-02,39272.3
2025-07-03,39274.92
2025-07-04,39277.53
2025-07-05,39280.15
2025-07-06,39282.76
2025-07-07,39285.38
2025-07-08,39288
2025-07-09,39290.61
2025-07-10,39285.53
2025-07-11,39280.45
2025-07-12,39275.37
2025-07-13,39270.3
2025-07-14,39265.22
2025-07-15,39260.14
2025-07-16,39255.07
2025-07-17,39249.99
2025-07-18,39244.92
2025-07-19,39239.84
2025-07-20,39234.77
2025-07-21,39229.7
2025-07-22,39224.63
2025-07-23,39219.56
2025-07-24,39214.48
2025-07-25,39209.42
2025-07-26,39204.35
2025-07-27,39199.28
2025-07-28,39194.21
2025-07-29,39189.14
2025-07-30,39184.08
2025-07-31,39179.01
2025-08-01,39173.95
2025-08-02,39168.88
2025-08-03,39163.82
2025-08-04,39158.75
2025-08-05,39153.69
2025-08-06,39148.63
2025-08-07,39143.57
2025-08-08,39138.51
2025-08-09,39133.45
2025-08-10,39144.76
2025-08-11,39156.08
2025-08-12,39167.4
2025-08-13,39178.72
2025-08-14,39190.04
2025-08-15,39201.37
2025-08-16,39212.7
2025-08-17,39224.04
2025-08-18,39235.38
2025-08-19,39246.72
2025-08-20,39258.06
2025-08-21,39269.41
2025-08-22,39280.76
2025-08-23,39292.12
2025-08-24,39303.48
2025-08-25,39314.84
2025-08-26,39326.2
2025-08-27,39337.57
2025-08-28,39348.94
2025-08-29,39360.32
2025-08-30,39371.69
2025-08-31,39383.07
2025-09-01,39394.46
2025-09-02,39405.85
2025-09-03,39417.24
2025-09-04,39428.63
2025-09-05,39440.03
2025-09-06,39451.43
2025-09-07,39462.83
2025-09-08,39474.24
2025-09-09,39485.65
2025-09-10,39485.65
2025-09-11,39485.65
2025-09-12,39485.65
2025-09-13,39485.65
2025-09-14,39485.65
2025-09-15,39485.65
2025-09-16,39485.65
2025-09-17,39485.65
2025-09-18,39485.65
2025-09-19,39485.65
2025-09-20,39485.65
2025-09-21,39485.65
2025-09-22,39485.65
2025-09-23,39485.65
2025-09-24,39485.65
2025-09-25,39485.65
2025-09-26,39485.65
2025-09-27,39485.65
2025-09-28,39485.65
2025-09-29,39485.65
2025-09-30,39485.65
2025-10-01,39485.65
2025-10-02,39485.65
2025-10-03,39485.65
2025-10-04,39485.65
2025-10-05,39485.65
2025-10-06,39485.65
2025-10-07,39485.65
2025-10-08,39485.65
2025-10-09,39485.65
2025-10-10,39490.74
2025-10-11,39495.82
2025-10-12,39500.91
2025-10-13,39505.99
2025-10-14,39511.08
2025-10-15,39516.17
2025-10-16,39521.26
2025-10-17,39526.35
2025-10-18,39531.44
2025-10-19,39536.53
2025-10-20,39541.62
2025-10-21,39546.71
2025-10-22,39551.81
2025-10-23,39556.9
2025-10-24,39562
2025-10-25,39567.09
2025-10-26,39572.19
2025-10-27,39577.28
2025-10-28,39582.38
2025-10-29,39587.48
2025-10-30,39592.57
2025-10-31,39597.67
2025-11-01,39602.77
2025-11-02,39607.87
2025-11-03,39612.97
2025-11-04,39618.08
2025-11-05,39623.18
2025-11-06,39628.28
2025-11-07,39633.38
2025-11-08,39638.49
2025-11-09,39643.59
2025-11-10,39643.59
2025-11-11,39643.59
2025-11-12,39643.59
2025-11-13,39643.59
2025-11-14,39643.59
2025-11-15,39643.59
2025-11-16,39643.59
2025-11-17,39643.59
2025-11-18,39643.59
2025-11-19,39643.59
2025-11-20,39643.59
2025-11-21,39643.59
2025-11-22,39643.59
2025-11-23,39643.59
2025-11-24,39643.59
2025-11-25,39643.59
2025-11-26,39643.59
2025-11-27,39643.59
2025-11-28,39643.59
2025-11-29,39643.59
2025-11-30,39643.59
2025-12-01,39643.59
2025-12-02,39643.59
2025-12-03,39643.59
2025-12-04,39643.59
2025-12-05,39643.59
2025-12-06,39643.59
2025-12-07,39643.59
2025-12-08,39643.59
2025-12-09,39643.59
2025-12-10,39647.42
2025-12-11,39651.25
2025-12-12,39655.08
2025-12-13,39658.92
2025-12-14,39662.75
2025-12-15,39666.58
2025-12-16,39670.41
2025-12-17,39674.25
2025-12-18,39678.08
2025-12-19,39681.92
2025-12-20,39685.75
2025-12-21,39689.59
2025-12-22,39693.42
2025-12-23,39697.26
2025-12-24,39701.09
2025-12-25,39704.93
2025-12-26,39708.77
2025-12-27,39712.6
2025-12-28,39716.44
2025-12-29,39720.28
2025-12-30,39724.12
2025-12-31,39727.96
2026-01-01,39731.79
2026-01-02,39735.63
2026-01-03,39739.47
2026-01-04,39743.31
2026-01-05,39747.15
2026-01-06,39751
2026-01-07,39754.84
2026-01-08,39758.68
2026-01-09,39762.52
2026-01-10,39759.95
2026-01-11,39757.38
2026-01-12,39754.82
2026-01-13,39752.25
2026-01-14,39749.68
2026-01-15,39747.12
2026-01-16,39744.55
2026-01-17,39741.98
2026-01-18,39739.42
2026-01-19,39736.85
2026-01-20,39734.28
2026-01-21,39731.72
2026-01-22,39729.15
2026-01-23,39726.59
2026-01-24,39724.02
2026-01-25,39721.45
2026-01-26,39718.89
2026-01-27,39716.32
2026-01-28,39713.76
2026-01-29,39711.2
2026-01-30,39708.63
2026-01-31,39706.07
2026-02-01,39703.5
2026-02-02,39700.94
2026-02-03,39698.37
2026-02-04,39695.81
2026-02-05,39693.25
2026-02-06,39690.68
2026-02-07,39688.12
2026-02-08,39685.56
2026-02-09,39682.99
2026-02-10,39688.65
2026-02-11,39694.31
2026-02-12,39699.97
2026-02-13,39705.63
2026-02-14,39711.29
2026-02-15,39716.95
2026-02-16,39722.61
2026-02-17,39728.28
2026-02-18,39733.94
2026-02-19,39739.61
2026-02-20,39745.27
2026-02-21,39750.94
2026-02-22,39756.61
2026-02-23,39762.28
2026-02-24,39767.95
2026-02-25,39773.62
2026-02-26,39779.29
2026-02-27,39784.96
2026-02-28,39790.63
2026-03-01,39796.31
2026-03-02,39801.98
2026-03-03,39807.65
2026-03-04,39813.33
2026-03-05,39819.01
2026-03-06,39824.68
2026-03-07,39830.36
2026-03-08,39836.04
2026-03-09,39841.72
2026-03-10,39841.72
2026-03-11,39841.72
2026-03-12,39841.72
2026-03-13,39841.72
2026-03-14,39841.72
2026-03-15,39841.72
2026-03-16,39841.72
2026-03-17,39841.72
2026-03-18,39841.72
2026-03-19,39841.72
2026-03-20,39841.72
2026-03-21,39841.72
2026-03-22,39841.72
2026-03-23,39841.72
2026-03-24,39841.72
2026-03-25,39841.72
2026-03-26,39841.72
2026-03-27,39841.72
2026-03-28,39841.72
2026-03-29,39841.72
2026-03-30,39841.72
2026-03-31,39841.72
2026-04-01,39841.72
2026-04-02,39841.72
2026-04-03,39841.72
2026-04-04,39841.72
2026-04-05,39841.72
2026-04-06,39841.72
2026-04-07,39841.72
2026-04-08,39841.72
2026-04-09,39841.72
2026-04-10,39854.94
2026-04-11,39868.16
2026-04-12,39881.38
2026-04-13,39894.61
2026-04-14,39907.85
2026-04-15,39921.09
2026-04-16,39934.33
2026-04-17,39947.58
2026-04-18,39960.83
2026-04-19,39974.09
2026-04-20,39987.35
2026-04-21,40000.61
2026-04-22,40013.88
2026-04-23,40027.15
2026-04-24,40040.43
2026-04-25,40053.72
2026-04-26,40067
2026-04-27,40080.29
2026-04-28,40093.59
2026-04-29,40106.89
2026-04-30,40120.2
2026-05-01,40133.5
2026-05-02,40146.82
2026-05-03,40160.14
2026-05-04,40173.46
2026-05-05,40186.79
2026-05-06,40200.12
2026-05-07,40213.45
2026-05-08,40226.79
2026-05-09,40240.14
2026-05-10,40256.91
2026-05-11,40273.69
2026-05-12,40290.47
2026-05-13,40307.26
2026-05-14,40324.06
2026-05-15,40340.86
2026-05-16,40357.67
2026-05-17,40374.49
2026-05-18,40391.32
2026-05-19,40408.15
2026-05-20,40424.99
2026-05-21,40441.84
2026-05-22,40458.69
2026-05-23,40475.55
2026-05-24,40492.42
2026-05-25,40509.29
2026-05-26,40526.18
2026-05-27,40543.07
2026-05-28,40559.96
2026-05-29,40576.86
2026-05-30,40593.77
2026-05-31,40610.69
2026-06-01,40627.62
2026-06-02,40644.55
2026-06-03,40661.48
2026-06-04,40678.43
2026-06-05,40695.38
2026-06-06,40712.34
2026-06-07,40729.31
2026-06-08,40746.28
2026-06-09,40763.26
2026-06-10,40765.97
2026-06-11,40768.69
2026-06-12,40771.41
2026-06-13,40774.12
2026-06-14,40776.84
2026-06-15,40779.55
2026-06-16,40782.27
2026-06-17,40784.98
2026-06-18,40787.7
2026-06-19,40790.42
2026-06-20,40793.13
2026-06-21,40795.85
2026-06-22,40798.57
2026-06-23,40801.29
2026-06-24,40804
2026-06-25,40806.72
2026-06-26,40809.44
2026-06-27,40812.16
2026-06-28,40814.87
2026-06-29,40817.59
2026-06-30,40820.31
2026-07-01,40823.03
2026-07-02,40825.75
2026-07-03,40828.47
2026-07-04,40831.19
2026-07-05,40833.91
2026-07-06,40836.63
2026-07-07,40839.35
2026-07-08,40842.07
2026-07-09,40844.79
2026-07-10,40844.79
2026-07-11,40844.79
2026-07-12,40844.79
2026-07-13,40844.79
2026-07-14,40844.79
2026-07-15,40844.79
2026-07-16,40844.79
2026-07-17,40844.79
