"Bono","Moneda","Fecha_Vencimiento","Fecha_Licitacion","Cupo","Monto_Demandado","Monto_Asignado","Tasa_Corte","BTC"
"BTP0000921","CLP",2021-09-24,2021-03-18,330000,2963200,330000,0.24,8.97939393939394
"BTP0470930","CLP",2030-09-01,2021-03-18,130000,280000,130000,3.29,2.15384615384615
"BTU0190930","UF",2030-09-01,2021-03-18,4200,10730,4080,0.29,2.5547619047619
"BTU0001033","UF",2033-10-01,2021-03-25,4200,9120,4200,0.88,2.17142857142857
"BTU0300328","UF",2028-03-01,2021-03-25,4200,6140,4200,0.08,1.46190476190476
"BTP0001021","CLP",2021-10-22,2021-04-15,320000,1481000,320000,0.25,4.628125
"BTP0470930","CLP",2030-09-01,2021-04-15,120000,782000,120000,3.6,6.51666666666667
"BTU0190930","UF",2030-09-01,2021-04-15,4200,21340,4200,0.6,5.08095238095238
"BTU0001033","UF",2033-10-01,2021-04-22,4200,9650,4200,0.97,2.29761904761905
"BTU0300328","UF",2028-03-01,2021-04-22,4200,8570,3870,0.26,2.04047619047619
"BTP0001121","CLP",2021-11-19,2021-05-13,590000,776000,590000,0.5,1.31525423728814
"BTP0000921","CLP",2021-09-24,2021-05-27,260000,1260000,260000,0.25,4.84615384615385
"BTP0000322","CLP",2022-03-25,2021-06-17,590000,1970000,590000,0.84,3.33898305084746
"BTP0001021","CLP",2021-10-22,2021-06-24,270000,1127000,270000,0.7,4.17407407407407
"BTP0501028","CLP",2028-10-01,2021-06-30,NA,NA,1500000,4.6,NA
"BTP0000422","CLP",2022-04-15,2021-07-08,320000,1165000,320000,2.3,3.640625
"BTP0470930","CLP",2030-09-01,2021-07-08,140000,651800,140000,4.6,4.65571428571429
"BTU0001033","UF",2033-10-01,2021-07-08,3500,13330,3500,2.1,3.80857142857143
"BTP0000423","CLP",2023-04-21,2021-07-15,350000,919000,350000,2.1,2.62571428571429
"BTU0190930","UF",2030-09-01,2021-07-15,6000,22110,6000,1.19,3.685
"BTU0300328","UF",2028-03-01,2021-07-15,6000,17780,6000,1.1,2.96333333333333
"BTP0000523","CLP",2023-05-19,2021-08-11,350000,435000,350000,2.8,1.24285714285714
"BTP0470930","CLP",2030-09-01,2021-08-11,140000,343000,140000,4.8,2.45
"BTU0001033","UF",2033-10-01,2021-08-11,3500,9520,3500,2.02,2.72
"BTU0190930","UF",2030-09-01,2021-08-18,6000,12420,5970,1.54,2.07
"BTU0300328","UF",2028-03-01,2021-08-18,6000,13490,6000,1.29,2.24833333333333
"BTP0000622","CLP",2022-06-17,2021-09-09,590000,915000,590000,3.3,1.55084745762712
"BTP0000623","CLP",2023-06-16,2021-09-09,320000,535000,320000,4.15,1.671875
"BTU0001033","UF",2033-10-01,2021-09-09,3500,5870,3500,2.55,1.67714285714286
"BTP0000722","CLP",2022-07-22,2021-10-19,590000,1436000,590000,4.75,2.43389830508475
"BTP0470930","CLP",2030-09-01,2021-10-19,140000,254200,140000,6.48,1.81571428571429
"BTU0190930","UF",2030-09-01,2021-10-19,6000,17420,6000,3.19,2.90333333333333
"BTU0190930","UF",2030-09-01,2021-11-10,6000,22630,6000,1.98,3.77166666666667
"BTU0300328","UF",2028-03-01,2021-11-10,6000,12050,6000,2.11,2.00833333333333
"BTP0000723","CLP",2023-07-21,2021-11-16,590000,676000,590000,5.6,1.14576271186441
"BTP0470930","CLP",2030-09-01,2021-11-16,135000,246000,135000,5.94,1.82222222222222
"BTP0580624","CLP",2024-06-01,2021-12-09,NA,NA,1061000,5.7,NA
"BTP0000323","CLP",2023-03-15,2022-04-19,550000,1656000,550000,7.75,3.01090909090909
"BTP0600143","CLP",2043-01-01,2022-04-19,80000,144800,71800,6.65,1.81
"BTP0510750","CLP",2050-07-15,2022-04-19,120000,182400,119800,6.64,1.52
"BTU0001028","UF",2028-10-01,2022-04-19,5600,10610,5580,1.77,1.89464285714286
"BTU0001033","UF",2033-10-01,2022-04-19,8500,16930,8500,2.23,1.99176470588235
"BTU0210750","UF",2050-07-15,2022-04-19,5000,9320,5000,2.3,1.864
"BTP0000324","CLP",2024-03-13,2022-04-27,555000,1386400,553400,8.03,2.49801801801802
"BTP0600143","CLP",2043-01-01,2022-04-27,80000,196600,78600,6.55,2.4575
"BTU0001028","UF",2028-10-01,2022-04-27,5600,9500,5600,1.9,1.69642857142857
"BTP0470930","UF",2030-09-01,2022-04-27,3750,12070,3750,1.89,3.21866666666667
"BTU0210750","UF",2050-07-15,2022-04-27,5000,11690,5000,2.3,2.338
"BTP0000624","CLP",2024-06-19,2022-05-11,555000,1517800,555000,8.15,2.73477477477477
"BTU0001028","UF",2028-10-01,2022-05-11,5600,8510,5600,2.33,1.51964285714286
"BTP0470930","UF",2030-09-01,2022-05-11,3750,7860,3750,2.28,2.096
"BTU0001033","UF",2033-10-01,2022-05-11,8500,18170,8500,2.35,2.13764705882353
"BTU0210750","UF",2050-07-15,2022-05-11,5000,9920,4930,2.4,1.984
"BTP0000423","CLP",2023-04-21,2022-06-15,3e+05,717800,3e+05,9.85,2.39266666666667
"BTU0001028","UF",2028-10-01,2022-06-15,5600,11710,5600,2.2,2.09107142857143
"BTP0470930","UF",2030-09-01,2022-06-15,5000,14560,5000,2.14,2.912
"BTU0001033","UF",2033-10-01,2022-06-15,8500,14800,8500,2.3,1.74117647058824
"BTU0210750","UF",2050-07-15,2022-06-15,5200,11590,5200,2.35,2.22884615384615
"BTU0001028","UF",2028-10-01,2022-08-10,4200,5360,2640,1.8,1.27619047619048
"BTU0001033","UF",2033-10-01,2022-08-10,2500,5730,2500,1.89,2.292
"BTU0210750","UF",2050-07-15,2022-08-10,3000,8120,3000,2.07,2.70666666666667
"BTU0001033","UF",2033-10-01,2022-08-24,7500,16070,7390,2.29,2.14266666666667
"BTU0210750","UF",2050-07-15,2022-08-24,2070,5680,2070,2.3,2.74396135265701
"BTU0001033","UF",2033-10-01,2022-09-14,7500,18260,7360,2.05,2.43466666666667
"BTP0700534","CLP",2034-05-01,2022-10-21,NA,NA,1e+06,6.95,NA
"BTP0000823","CLP",2023-08-15,2023-02-15,1250000,3427000,1250000,11.05,2.7416
"BTP0000823","CLP",2023-08-15,2023-02-21,1250000,2500000,1250000,11.05,2
"BTP0000724","CLP",2024-07-15,2023-02-21,1200000,3280000,1200000,8.9,2.73333333333333
"BTP0600433","CLP",2033-04-01,2023-04-13,3e+05,868600,3e+05,5.34,2.89533333333333
"BTP0510750","CLP",2050-07-15,2023-04-13,220000,600600,220000,5.25,2.73
"BTU0001033","UF",2033-10-01,2023-04-13,7000,10980,7000,1.84,1.56857142857143
"BTU0210750","UF",2050-07-15,2023-04-13,7000,13710,7000,1.74,1.95857142857143
"BTP0600433","CLP",2033-04-01,2023-04-26,3e+05,576800,298800,5.33,1.92266666666667
"BTU0001033","UF",2033-10-01,2023-04-26,3000,8580,2980,1.8,2.86
"BTP0600433","CLP",2033-04-01,2023-05-03,3e+05,590400,3e+05,5.4,1.968
"BTU0001033","UF",2033-10-01,2023-05-03,3000,7120,3000,1.84,2.37333333333333
"BTP0510750","CLP",2050-07-15,2023-05-17,1e+05,344400,1e+05,5.25,3.444
"BTU0210750","UF",2050-07-15,2023-05-17,6000,7380,5480,1.95,1.23
"BTP0510750","CLP",2050-07-15,2023-06-14,120000,279000,120000,5.19,2.325
"BTU0210750","UF",2050-07-15,2023-06-14,5500,11780,5500,1.93,2.14181818181818
"BTU0001033","UF",2033-10-01,2023-06-28,2000,5200,2000,1.93,2.6
"BTU0001033","UF",2033-10-01,2023-07-12,2000,4000,2000,2.3,2
"BTP0510750","CLP",2050-07-15,2023-07-19,120000,286400,119400,5.25,2.38666666666667
"BTU0210750","UF",2050-07-15,2023-07-19,6000,11170,5970,2.1,1.86166666666667
"BTP0001124","CLP",2024-11-26,2024-02-27,750000,1524000,748000,5.49,2.032
"BTP0001024","CLP",2024-10-25,2024-03-05,7e+05,1323000,7e+05,5.97,1.89
"BTP0001124","CLP",2024-11-26,2024-03-12,6e+05,787000,6e+05,5.82,1.31166666666667
"BTP0001024","CLP",2024-10-25,2024-03-19,5e+05,617000,5e+05,6.5,1.234
"BTP0001024","CLP",2024-10-25,2024-03-26,5e+05,995000,5e+05,6.19,1.99
"BTU0001028","UF",2028-10-01,2024-04-23,2000,4870,2000,2.89,2.435
"BTP0000429","CLP",2029-04-01,2024-06-04,2e+05,485000,2e+05,5.65,2.425
"BTP0000527","CLP",2027-05-06,2024-06-11,3e+05,373200,250000,5.67,1.244
"BTP0000429","CLP",2029-04-01,2024-06-13,1e+05,336600,1e+05,5.55,3.366
"BTU0001028","UF",2028-10-01,2024-06-13,2000,3050,800,2.73,1.525
"BTP0000527","CLP",2027-05-06,2024-06-19,3e+05,232000,225000,5.95,0.773333333333333
"BTU0001028","UF",2028-10-01,2024-06-19,2000,3650,2000,2.85,1.825
"BTP0000429","CLP",2029-04-01,2024-06-25,150000,284000,150000,6,1.89333333333333
"BTP0000527","CLP",2027-05-06,2024-06-27,3e+05,474800,3e+05,6.02,1.58266666666667
"BTU0001028","UF",2028-10-01,2024-06-27,2000,4650,2000,2.85,2.325
"BTP0001124","CLP",2024-11-26,2024-07-03,350000,1885400,350000,5.49,5.38685714285714
"BTU0001028","UF",2028-10-01,2024-07-03,1600,3000,1200,2.87,1.875
"BTP0621040","CLP",2040-10-01,2024-07-11,80000,153000,80000,6.14,1.9125
"BTU0300144","UF",2044-01-01,2024-07-11,1500,3450,1500,2.9,2.3
"BTU0190930","UF",2030-09-01,2024-07-17,2000,5690,2000,2.92,2.845
"BTU0281155","UF",2055-11-01,2024-07-17,2000,6110,2000,2.8,3.055
"BTP0491127","CLP",2027-11-01,2024-07-23,150000,410200,150000,5.75,2.73466666666667
"BTP0510750","CLP",2050-07-15,2024-07-23,80000,170000,80000,6.08,2.125
"BTU0001028","UF",2028-10-01,2024-07-25,1600,5500,1600,2.45,3.4375
"BTU0190930","UF",2030-09-01,2024-07-25,2000,10810,2000,2.75,5.405
"BTU0281155","UF",2055-11-01,2024-07-25,2500,4130,2500,2.7,1.652
"BTP0581029","CLP",2029-10-01,2024-07-30,NA,NA,1300000,6,NA
"BTP0621040","CLP",2040-10-01,2024-08-13,80000,208000,80000,5.74,2.6
"BTU0300144","UF",2044-01-01,2024-08-13,1490,3690,1490,2.55,2.47651006711409
"BTP0491127","CLP",2027-11-01,2024-08-20,150000,266000,150000,5.65,1.77333333333333
"BTP0510750","CLP",2050-07-15,2024-08-20,80000,214600,80000,5.57,2.6825
"BTU0190930","UF",2030-09-01,2024-08-20,2000,5950,2000,2.35,2.975
"BTU0281155","UF",2055-11-01,2024-08-20,2000,5920,2000,2.42,2.96
"BTU0190930","UF",2030-09-01,2024-08-22,2000,4750,2000,2.38,2.375
"BTU0281155","UF",2055-11-01,2024-08-22,2000,6010,2000,2.34,3.005
"BTP0581029","CLP",2029-10-01,2024-08-27,80000,364000,80000,5.63,4.55
"BTU0001028","UF",2028-10-01,2024-08-27,2000,5030,2000,2.37,2.515
"BTP0491127","CLP",2027-11-01,2024-09-10,150000,297000,146000,5.2,1.98
"BTP0581029","CLP",2029-10-01,2024-09-10,80000,343800,80000,5.23,4.2975
"BTP0621040","CLP",2040-10-01,2024-09-10,80000,221000,80000,5.28,2.7625
"BTU0281155","CLF",2055-11-01,2024-09-10,3000,8080,3000,2.07,2.69333333333333
"BTP0581029","CLP",2029-10-01,2024-09-26,80000,193000,80000,5.26,2.4125
"BTP0621040","CLP",2040-10-01,2024-09-26,80000,112000,80000,5.1,1.4
"BTU0190930","UF",2030-09-01,2024-09-26,2000,4630,2000,2.11,2.315
"BTU0281155","UF",2055-11-01,2024-09-26,3000,8290,3000,1.76,2.76333333333333
"BTP0581029","CLP",2029-10-01,2024-10-01,70000,239000,70000,5.18,3.41428571428571
"BTP0600433","CLP",2033-04-01,2024-10-01,1e+05,113600,91600,5.23,1.136
"BTU0281155","CLF",2055-11-01,2024-10-01,2500,7030,2500,1.51,2.812
"BTP0491127","CLP",2027-11-01,2024-10-03,70000,56000,41000,5.08,0.8
"BTP0621040","CLP",2040-10-01,2024-10-03,1e+05,92000,90000,5.16,0.92
"BTP0581029","CLP",2029-10-01,2024-10-09,60000,223000,60000,5.47,3.71666666666667
"BTP0600433","CLP",2033-04-01,2024-10-09,1e+05,154000,99000,5.57,1.54
"BTP0621040","CLP",2040-10-01,2024-10-16,80000,204000,80000,5.39,2.55
"BTU0281155","CLF",2055-11-01,2024-10-16,1000,3270,1000,1.84,3.27
"BTP0581029","CLP",2029-10-01,2024-10-22,50000,79000,49000,5.6,1.58
"BTP0600433","CLP",2033-04-01,2024-10-22,55000,114600,55000,5.73,2.08363636363636
"BTP0491127","CLP",2027-11-01,2024-10-24,50000,111800,50000,5.3,2.236
"BTP0621040","CLP",2040-10-01,2024-10-24,60000,1e+05,55000,5.52,1.66666666666667
"BTP0581029","CLP",2029-10-01,2024-11-12,55000,104000,55000,5.83,1.89090909090909
"BTP0621040","CLP",2040-10-01,2024-11-12,60000,96000,60000,5.49,1.6
"BTU0281155","CLF",2055-11-01,2024-11-12,2000,2490,1930,1.94,1.245
"BTP0491127","CLP",2027-11-01,2024-11-14,50000,46400,36400,5.6,0.928
"BTP0600433","CLP",2033-04-01,2024-11-14,50000,131600,50000,5.97,2.632
"BTP0621040","CLP",2040-10-01,2024-11-19,60000,45000,37000,5.59,0.75
"BTU0281155","CLF",2055-11-01,2024-11-19,2000,1970,1970,1.9,0.985
"BTP0581029","CLP",2029-10-01,2024-11-21,55000,349000,55000,5.69,6.34545454545455
"BTP0600433","CLP",2033-04-01,2024-11-26,50000,220400,32200,5.76,4.408
"BTU0281155","CLF",2055-11-01,2024-11-26,2000,3980,2000,1.79,1.99
"BTP0000825","CLP",2025-08-26,2025-01-30,4e+05,1403000,4e+05,5,3.5075
"BTP0610456","CLP",2056-04-01,2025-01-30,40000,59000,33000,5.8,1.475
"BTP0001025","CLP",2025-10-24,2025-02-04,4e+05,1430000,4e+05,5,3.575
"BTP0500335","CLP",2035-03-01,2025-02-04,40000,40000,40000,6.02,1
"BTU0281155","UF",2055-11-01,2025-02-04,1000,1460,1000,2.51,1.46
"BTP0000825","CLP",2025-08-26,2025-02-06,350000,1090600,350000,4.98,3.116
"BTP0610456","CLP",2056-04-01,2025-02-06,40000,83200,40000,5.82,2.08
"BTU0200335","UF",2035-03-01,2025-02-06,1000,2130,1000,2.51,2.13
"BTP0001025","CLP",2025-10-24,2025-02-11,350000,1087600,350000,4.98,3.10742857142857
"BTP0500335","CLP",2035-03-01,2025-02-11,40000,94000,40000,6.05,2.35
"BTU0281155","UF",2055-11-01,2025-02-11,1000,1560,1000,2.48,1.56
"BTP0000527","CLP",2027-05-06,2025-02-18,50000,103000,50000,5.33,2.06
"BTP0610456","CLP",2056-04-01,2025-02-18,40000,66000,40000,5.99,1.65
"BTU0200335","UF",2035-03-01,2025-02-18,1000,1270,870,2.58,1.27
"BTP0001125","CLP",2025-11-26,2025-02-20,350000,1186000,350000,4.9,3.38857142857143
"BTP0001125","CLP",2025-11-26,2025-02-25,3e+05,1116000,3e+05,4.85,3.72
"BTP0500335","CLP",2035-03-01,2025-02-25,40000,128200,40000,5.91,3.205
"BTU0200335","UF",2035-03-01,2025-02-25,1000,1000,1000,2.68,1
"BTP0000527","CLP",2027-05-06,2025-02-27,50000,115000,50000,5.3,2.3
"BTP0610456","CLP",2056-04-01,2025-02-27,40000,50000,35000,5.86,1.25
"BTU0200335","UF",2035-03-01,2025-02-27,1000,2750,1000,2.65,2.75
"BTP0001025","CLP",2025-10-24,2025-03-04,3e+05,784000,3e+05,4.9,2.61333333333333
"BTP0500335","CLP",2035-03-01,2025-03-04,40000,139400,40000,5.86,3.485
"BTU0281155","UF",2055-11-01,2025-03-04,1500,3350,1500,2.45,2.23333333333333
"BTP0000825","CLP",2025-08-26,2025-03-11,3e+05,1140000,3e+05,4.84,3.8
"BTP0000527","CLP",2027-05-06,2025-03-11,50000,175000,50000,5.31,3.5
"BTP0610456","CLP",2056-04-01,2025-03-11,40000,72000,40000,5.83,1.8
"BTU0200335","UF",2035-03-01,2025-03-11,1000,3300,1000,2.53,3.3
"BTP0001125","CLP",2025-11-26,2025-03-13,350000,1040000,350000,4.8,2.97142857142857
"BTP0500335","CLP",2035-03-01,2025-03-13,40000,138600,40000,5.78,3.465
"BTU0281155","UF",2055-11-01,2025-03-13,1500,2180,1500,2.45,1.45333333333333
"BTP0001125","CLP",2025-11-26,2025-03-18,350000,1165000,350000,4.77,3.32857142857143
"BTP0001025","CLP",2025-10-24,2025-03-25,225000,555000,225000,4.89,2.46666666666667
"BTP0500335","CLP",2035-03-01,2025-03-25,40000,136000,39000,5.75,3.4
"BTU0200335","UF",2035-03-01,2025-03-25,1000,2270,1000,2.53,2.27
"BTU0281155","UF",2055-11-01,2025-03-25,1500,2990,1500,2.43,1.99333333333333
"BTP0000825","CLP",2025-08-26,2025-03-27,225000,595000,225000,4.9,2.64444444444444
"BTP0000527","CLP",2027-05-06,2025-03-27,50000,74000,50000,5.3,1.48
"BTP0500335","CLP",2035-03-01,2025-03-27,40000,118000,40000,5.84,2.95
"BTU0200335","UF",2035-03-01,2025-03-27,1000,3100,1000,2.63,3.1
"BTP0000527","CLP",2027-05-06,2025-04-01,50000,202000,50000,5.1,4.04
"BTP0500335","CLP",2035-03-01,2025-04-01,30000,97000,30000,5.87,3.23333333333333
"BTU0200335","UF",2035-03-01,2025-04-01,1000,3730,1000,2.57,3.73
"BTP0610456","CLP",2056-04-01,2025-04-03,40000,81000,40000,5.58,2.025
"BTU0281155","UF",2055-11-01,2025-04-03,1000,2920,1000,2.25,2.92
"BTP0000527","CLP",2027-05-06,2025-04-09,50000,190000,50000,5.12,3.8
"BTP0600433","CLP",2033-04-01,2025-04-09,50000,179000,50000,5.78,3.58
"BTU0001028","UF",2028-10-01,2025-04-09,1000,2740,1000,2.19,2.74
"BTU0200335","UF",2035-03-01,2025-04-09,1000,2600,1000,2.4,2.6
"BTP0001025","CLP",2025-10-24,2025-04-15,450000,936000,450000,4.9,2.08
"BTP0581029","CLP",2029-10-01,2025-04-15,80000,261000,80000,5.57,3.2625
"BTP0500335","CLP",2035-03-01,2025-04-15,30000,141000,30000,5.59,4.7
"BTU0281155","UF",2055-11-01,2025-04-15,1200,2970,1200,2.41,2.475
"BTP0001125","CLP",2025-11-26,2025-04-17,450000,971000,450000,4.75,2.15777777777778
"BTP0000527","CLP",2027-05-06,2025-04-17,60000,292000,60000,5.1,4.86666666666667
"BTP0600433","CLP",2033-04-01,2025-04-17,80000,178000,80000,5.82,2.225
"BTP0610456","CLP",2056-04-01,2025-04-17,40000,103000,40000,5.73,2.575
"BTU0001028","UF",2028-10-01,2025-04-17,1500,3610,1500,2.27,2.40666666666667
"BTP0000825","CLP",2025-08-26,2025-04-22,3e+05,765000,3e+05,4.95,2.55
"BTP0581029","CLP",2029-10-01,2025-04-22,80000,327000,80000,5.56,4.0875
"BTU0281155","UF",2055-11-01,2025-04-22,1200,2620,1200,2.36,2.18333333333333
"BTP0001025","CLP",2025-10-24,2025-04-24,275000,852000,275000,4.87,3.09818181818182
"BTP0000527","CLP",2027-05-06,2025-04-24,60000,191000,60000,5.1,3.18333333333333
"BTP0610456","CLP",2056-04-01,2025-04-24,40000,45000,33000,5.74,1.125
"BTU0001028","UF",2028-10-01,2025-04-24,1500,7040,1500,2.23,4.69333333333333
"BTU0200335","UF",2035-03-01,2025-04-24,1500,3470,1500,2.51,2.31333333333333
"BTP0001125","CLP",2025-11-26,2025-04-30,2e+05,917000,2e+05,4.7,4.585
"BTP0581029","CLP",2029-10-01,2025-04-30,80000,274000,80000,5.5,3.425
"BTP0500335","CLP",2035-03-01,2025-04-30,30000,105600,30000,5.7,3.52
"BTU0281155","UF",2055-11-01,2025-04-30,1200,2340,1190,2.37,1.95
"BTP0000527","CLP",2027-05-06,2025-05-06,60000,342000,60000,5.03,5.7
"BTP0600433","CLP",2033-04-01,2025-05-06,80000,327000,80000,5.74,4.0875
"BTU0001028","UF",2028-10-01,2025-05-06,1500,3600,1500,2.24,2.4
"BTU0200335","UF",2035-03-01,2025-05-06,1500,2530,1500,2.55,1.68666666666667
"BTP0581029","CLP",2029-10-01,2025-05-14,55000,2e+05,55000,5.6,3.63636363636364
"BTP0500335","CLP",2035-03-01,2025-05-14,30000,173600,30000,5.82,5.78666666666667
"BTU0281155","UF",2055-11-01,2025-05-14,1200,2770,1190,2.49,2.30833333333333
"BTP0610456","CLP",2056-04-01,2025-05-20,60000,102000,60000,5.9,1.7
"BTU0001028","UF",2028-10-01,2025-05-20,1500,3880,1500,2.33,2.58666666666667
"BTP0000527","CLP",2027-05-06,2025-05-22,60000,170000,60000,5.08,2.83333333333333
"BTP0600433","CLP",2033-04-01,2025-05-22,80000,251000,80000,5.84,3.1375
"BTU0281155","UF",2055-11-01,2025-05-22,1200,2330,1130,2.52,1.94166666666667
"BTP0581029","CLP",2029-10-01,2025-05-27,55000,170000,55000,5.56,3.09090909090909
"BTP0610456","CLP",2056-04-01,2025-05-27,60000,91000,59000,5.92,1.51666666666667
"BTU0001028","UF",2028-10-01,2025-05-27,1500,2900,1500,2.4,1.93333333333333
"BTP0000527","CLP",2027-05-06,2025-05-29,60000,212400,60000,5.04,3.54
"BTP0600433","CLP",2033-04-01,2025-05-29,60000,164000,60000,5.82,2.73333333333333
"BTU0281155","UF",2055-11-01,2025-05-29,1200,1700,1200,2.6,1.41666666666667
"BTP0581029","CLP",2029-10-01,2025-06-03,50000,252600,50000,5.5,5.052
"BTU0001028","UF",2028-10-01,2025-06-03,1500,4700,1500,2.33,3.13333333333333
"BTU0200335","UF",2035-03-01,2025-06-03,1500,1520,870,2.6,1.01333333333333
"BTP0000527","CLP",2027-05-06,2025-06-05,60000,222000,60000,4.96,3.7
"BTP0600433","CLP",2033-04-01,2025-06-05,50000,267000,50000,5.75,5.34
"BTP0581029","CLP",2029-10-01,2025-06-10,50000,212000,50000,5.5,4.24
"BTU0001028","UF",2028-10-01,2025-06-10,1500,5500,1500,2.3,3.66666666666667
"BTU0200335","UF",2035-03-01,2025-06-10,1500,3050,1500,2.63,2.03333333333333
"BTP0600433","CLP",2033-04-01,2025-06-12,50000,204000,50000,5.71,4.08
"BTP0610456","CLP",2056-04-01,2025-06-12,60000,91000,58000,5.85,1.51666666666667
"BTU0281155","UF",2055-11-01,2025-06-12,1200,1930,1090,2.6,1.60833333333333
"BTP0000527","CLP",2027-05-06,2025-06-24,60000,176000,60000,4.78,2.93333333333333
"BTU0001028","UF",2028-10-01,2025-06-24,1500,5840,1500,2.24,3.89333333333333
"BTU0200335","UF",2035-03-01,2025-06-24,1500,2410,1500,2.67,1.60666666666667
"BTP0581029","CLP",2029-10-01,2025-06-26,50000,326000,50000,5.36,6.52
"BTP0600433","CLP",2033-04-01,2025-06-26,50000,216000,50000,5.7,4.32
"BTU0281155","UF",2055-11-01,2025-06-26,1200,1900,1150,2.68,1.58333333333333
"BTP0000527","CLP",2027-05-06,2025-07-01,60000,95000,60000,4.77,1.58333333333333
"BTU0001028","UF",2028-10-01,2025-07-01,1500,3900,1500,2.33,2.6
"BTU0200335","UF",2035-03-01,2025-07-01,1500,2830,1500,2.66,1.88666666666667
"BTU0281155","UF",2055-11-01,2025-07-01,800,1350,700,2.65,1.6875
"BTP0610456","CLP",2056-04-01,2025-07-03,25000,62600,25000,5.79,2.504
"BTP0000527","CLP",2027-05-06,2025-07-10,60000,87000,60000,4.74,1.45
"BTU0001028","UF",2028-10-01,2025-07-10,1000,5140,1000,2.4,5.14
"BTU0200335","UF",2035-03-01,2025-07-10,1500,2500,1500,2.69,1.66666666666667
"BTU0281155","UF",2055-11-01,2025-07-17,1000,1800,1000,2.7,1.8
"BTP0000527","CLP",2027-05-06,2025-07-22,60000,136000,60000,4.76,2.26666666666667
"BTU0001028","UF",2028-10-01,2025-07-22,1500,6880,1500,2.21,4.58666666666667
"BTU0281155","UF",2055-11-01,2025-07-24,900,1850,900,2.7,2.05555555555556
"BTP0610456","CLP",2056-04-01,2025-07-31,30000,40600,28600,5.72,1.35333333333333
"BTU0001028","UF",2028-10-01,2025-07-31,1500,6300,1500,2.16,4.2
"BTU0281155","UF",2055-11-01,2025-08-05,800,2060,800,2.63,2.575
"BTP0000527","CLP",2027-05-06,2025-08-07,50000,154000,50000,4.73,3.08
"BTP0610456","CLP",2056-04-01,2025-08-07,30000,69600,28600,5.73,2.32
"BTU0001028","UF",2028-10-01,2025-08-07,1500,6900,1500,1.94,4.6
"BTU0281155","UF",2055-11-01,2025-08-13,1000,1850,800,2.56,1.85
"BTP0610456","CLP",2056-04-01,2025-08-19,30000,63200,30000,5.72,2.10666666666667
"BTU0001028","UF",2028-10-01,2025-08-19,1500,3150,1500,2.08,2.1
"BTP0000826","CLP",2026-08-26,2025-08-21,350000,1535000,350000,4.44,4.38571428571429
"BTP0000527","CLP",2027-05-06,2025-08-21,50000,139000,50000,4.7,2.78
"BTU0281155","UF",2055-11-01,2025-08-21,900,1990,900,2.65,2.21111111111111
"BTP0500335","CLP",2035-03-01,2025-08-26,40000,82400,40000,5.65,2.06
"BTP0610456","CLP",2056-04-01,2025-08-26,30000,48100,24200,5.74,1.60333333333333
"BTU0001028","UF",2028-10-01,2025-08-26,1500,3080,1500,2.15,2.05333333333333
"BTP0000826","CLP",2026-08-26,2025-08-28,3e+05,1e+06,3e+05,4.41,3.33333333333333
"BTP0000527","CLP",2027-05-06,2025-08-28,50000,209000,50000,4.69,4.18
"BTU0281155","UF",2055-11-01,2025-08-28,900,1850,900,2.63,2.05555555555556
"BTP0500335","CLP",2035-03-01,2025-09-02,40000,123400,40000,5.7,3.085
"BTU0001028","UF",2028-10-01,2025-09-02,1500,3650,1500,2.16,2.43333333333333
"BTP0000826","CLP",2026-08-26,2025-09-04,250000,1060000,250000,4.44,4.24
"BTP0000527","CLP",2027-05-06,2025-09-04,50000,205000,50000,4.67,4.1
"BTU0281155","UF",2055-11-01,2025-09-04,900,1350,900,2.66,1.5
"BTP0500335","CLP",2035-03-01,2025-09-10,40000,108200,40000,5.71,2.705
"BTU0001028","UF",2028-10-01,2025-09-10,1500,7500,1500,2.19,5
"BTP0000726","CLP",2026-07-24,2025-09-25,250000,753000,250000,4.5,3.012
"BTP0000527","CLP",2027-05-06,2025-09-25,50000,207000,50000,4.56,4.14
"BTP0500335","CLP",2035-03-01,2025-09-25,40000,138800,40000,5.57,3.47
"BTU0001028","UF",2028-10-01,2025-09-25,1500,10150,1500,2.13,6.76666666666667
"BTU0281155","UF",2055-11-01,2025-09-25,900,2750,900,2.5,3.05555555555556
"BTP0001026","CLP",2026-10-26,2025-10-01,3e+05,998000,3e+05,4.47,3.32666666666667
"BTP0600433","CLP",2033-04-01,2025-10-01,60000,170600,60000,5.61,2.84333333333333
"BTP0000726","CLP",2026-07-24,2025-10-07,350000,820000,350000,4.54,2.34285714285714
"BTP0500335","CLP",2035-03-01,2025-10-07,40000,166400,40000,5.61,4.16
"BTU0001028","UF",2028-10-01,2025-10-07,1500,6770,1500,2,4.51333333333333
"BTU0281155","UF",2055-11-01,2025-10-07,900,2110,880,2.47,2.34444444444444
"BTP0600433","CLP",2033-04-01,2025-10-09,60000,119600,60000,5.6,1.99333333333333
"BTP0610456","CLP",2056-04-01,2025-10-09,25000,62000,25000,5.72,2.48
"BTP0000726","CLP",2026-07-24,2025-10-14,270000,683000,270000,4.45,2.52962962962963
"BTP0500335","CLP",2035-03-01,2025-10-14,40000,121600,40000,5.6,3.04
"BTU0001028","UF",2028-10-01,2025-10-14,1500,7940,1500,1.97,5.29333333333333
"BTU0281155","UF",2055-11-01,2025-10-14,900,1900,900,2.45,2.11111111111111
"BTP0600433","CLP",2033-04-01,2025-10-16,60000,145000,60000,5.59,2.41666666666667
"BTP0610456","CLP",2056-04-01,2025-10-16,25000,55000,25000,5.73,2.2
"BTP0001026","CLP",2026-10-26,2025-10-21,3e+05,855000,3e+05,4.4,2.85
"BTP0500335","CLP",2035-03-01,2025-10-21,40000,121400,40000,5.59,3.035
"BTU0001028","UF",2028-10-01,2025-10-21,1500,5820,1500,2.03,3.88
"BTU0281155","UF",2055-11-01,2025-10-21,900,1210,860,2.46,1.34444444444444
"BTP0600433","CLP",2033-04-01,2025-10-23,60000,267000,60000,5.59,4.45
"BTP0610456","CLP",2056-04-01,2025-10-23,25000,44000,19000,5.76,1.76
"BTP0001026","CLP",2026-10-26,2025-10-30,2e+05,480000,2e+05,4.45,2.4
"BTP0500335","CLP",2035-03-01,2025-10-30,40000,88400,40000,5.56,2.21
"BTU0001028","UF",2028-10-01,2025-10-30,1500,6020,1500,2.09,4.01333333333333
"BTU0281155","UF",2055-11-01,2025-10-30,900,1460,880,2.45,1.62222222222222
"BTP0600433","CLP",2033-04-01,2025-11-04,60000,118600,60000,5.58,1.97666666666667
"BTP0610456","CLP",2056-04-01,2025-11-04,25000,40000,24000,5.75,1.6
"BTP0001026","CLP",2026-10-26,2025-11-06,2e+05,650000,2e+05,4.4,3.25
"BTP0500335","CLP",2035-03-01,2025-11-06,40000,118400,40000,5.56,2.96
"BTU0001028","UF",2028-10-01,2025-11-06,1500,6400,1500,2.12,4.26666666666667
"BTU0281155","UF",2055-11-01,2025-11-06,900,1150,850,2.5,1.27777777777778
"BTP0000726","CLP",2026-07-24,2025-11-20,130000,570000,130000,4.32,4.38461538461539
"BTP0600433","CLP",2033-04-01,2025-11-20,60000,132600,60000,5.41,2.21
"BTP0610456","CLP",2056-04-01,2025-11-20,25000,39000,25000,5.69,1.56
"BTP0000826","CLP",2026-08-26,2025-11-25,80000,245000,80000,4.25,3.0625
"BTU0001028","UF",2028-10-01,2025-11-25,1000,6700,1000,1.96,6.7
"BTP0000826","CLP",2026-08-26,2025-12-11,20000,120000,20000,4.25,6
"BTP0600433","CLP",2033-04-01,2025-12-11,65000,175000,65000,5.39,2.69230769230769
"BTU0281155","UF",2055-11-01,2025-12-11,900,1210,900,2.45,1.34444444444444
"BTP0600433","CLP",2033-04-01,2025-12-17,60000,130000,60000,5.4,2.16666666666667
"BTP0500335","CLP",2035-03-01,2025-12-17,40000,64000,39000,5.41,1.6
"BTU0001028","UF",2028-10-01,2025-12-17,1500,9200,1500,2,6.13333333333333
"BTP0001126","CLP",2026-11-23,2026-01-23,350000,1323000,350000,4.2,3.78
"BTP0610456","CLP",2056-04-01,2026-01-23,25000,53800,25000,5.61,2.152
"BTP0000926","CLP",2026-09-29,2026-01-27,350000,1158000,350000,4.18,3.30857142857143
"BTU0001028","UF",2028-10-01,2026-01-27,800,4830,800,1.96,6.0375
"BTU0281155","UF",2055-11-01,2026-01-27,900,1320,670,2.38,1.46666666666667
"BTP0000626","CLP",2026-06-22,2026-01-29,3e+05,549000,3e+05,4.45,1.83
"BTP0501028","CLP",2028-10-01,2026-01-29,60000,174000,60000,4.62,2.9
"BTP0610456","CLP",2056-04-01,2026-01-29,25000,122000,25000,5.55,4.88
"BTU0001028","UF",2028-10-01,2026-02-03,800,4350,800,1.82,5.4375
"BTU0281155","UF",2055-11-01,2026-02-03,900,1600,900,2.38,1.77777777777778
"BTP0001126","CLP",2026-11-23,2026-02-05,350000,1166000,350000,4.19,3.33142857142857
"BTP0501028","CLP",2028-10-01,2026-02-05,60000,148000,60000,4.65,2.46666666666667
"BTP0610456","CLP",2056-04-01,2026-02-05,25000,79000,25000,5.53,3.16
"BTU0001028","UF",2028-10-01,2026-02-10,800,3850,800,1.8,4.8125
"BTU0281155","UF",2055-11-01,2026-02-10,900,2060,900,2.35,2.28888888888889
"BTP0000926","CLP",2026-09-29,2026-02-12,350000,1201000,350000,4.17,3.43142857142857
"BTP0501028","CLP",2028-10-01,2026-02-12,60000,60000,30000,4.7,1
"BTP0610456","CLP",2056-04-01,2026-02-12,25000,58000,25000,5.52,2.32
"BTP0000626","CLP",2026-06-22,2026-02-17,450000,1500000,450000,4.35,3.33333333333333
"BTU0001028","UF",2028-10-01,2026-02-17,800,2320,800,1.8,2.9
"BTU0281155","UF",2055-11-01,2026-02-17,900,930,580,2.41,1.03333333333333
"BTP0001126","CLP",2026-11-23,2026-02-19,450000,1172000,450000,4.28,2.60444444444444
"BTP0501028","CLP",2028-10-01,2026-02-19,60000,1e+05,50000,4.71,1.66666666666667
"BTP0610456","CLP",2056-04-01,2026-02-19,25000,31000,25000,5.58,1.24
"BTP0000926","CLP",2026-09-29,2026-02-24,3e+05,764000,3e+05,4.25,2.54666666666667
"BTU0001028","UF",2028-10-01,2026-02-24,800,1400,650,1.91,1.75
"BTU0281155","UF",2055-11-01,2026-02-24,900,1800,780,2.4,2
"BTP0501028","CLP",2028-10-01,2026-02-26,60000,116000,60000,4.75,1.93333333333333
"BTP0610456","CLP",2056-04-01,2026-02-26,25000,62000,25000,5.59,2.48
"BTU0001028","UF",2028-10-01,2026-03-03,800,6250,800,1.77,7.8125
"BTU0281155","UF",2055-11-01,2026-03-03,900,2600,900,2.38,2.88888888888889
"BTP0501028","CLP",2028-10-01,2026-03-05,60000,105000,60000,4.79,1.75
"BTP0610456","CLP",2056-04-01,2026-03-05,25000,48000,25000,5.59,1.92
"BTP0530732","CLP",2032-07-15,2026-03-10,80000,279600,80000,5.3,3.495
"BTU0001028","UF",2028-10-01,2026-03-10,800,4570,800,1.63,5.7125
"BTP0501028","CLP",2028-10-01,2026-03-12,60000,73000,46000,4.99,1.21666666666667
"BTU0230731","UF",2031-07-15,2026-03-12,1200,2610,1200,2.09,2.175
"BTP0530732","CLP",2032-07-15,2026-03-17,80000,131800,72800,5.42,1.6475
"BTU0001028","UF",2028-10-01,2026-03-17,800,5920,800,1.71,7.4
"BTP0501028","CLP",2028-10-01,2026-03-26,60000,184600,60000,5.35,3.07666666666667
"BTU0230731","UF",2031-07-15,2026-03-26,1200,4670,1200,1.97,3.89166666666667
"BTP0000926","CLP",2026-09-29,2026-03-31,2e+05,933000,2e+05,4.28,4.665
"BTU0001028","UF",2028-10-01,2026-03-31,1200,7555,1200,1.35,6.29583333333333
"BTP0000626","CLP",2026-06-22,2026-04-02,150000,295000,150000,4.5,1.96666666666667
"BTP0610456","CLP",2056-04-01,2026-04-07,25000,37000,25000,5.75,1.48
"BTU0230731","UF",2031-07-15,2026-04-07,1600,3920,1600,1.75,2.45
"BTP0000926","CLP",2026-09-29,2026-04-09,2e+05,715000,2e+05,4.28,3.575
"BTU0281155","UF",2055-11-01,2026-04-09,850,1000,500,2.25,1.17647058823529
"BTP0000626","CLP",2026-06-22,2026-04-11,2e+05,710000,2e+05,4.38,3.55
"BTP0501028","CLP",2028-10-01,2026-04-11,25000,173000,25000,4.99,6.92
"BTP0610456","CLP",2056-04-01,2026-04-11,25000,52000,25000,5.65,2.08
"BTU0230731","UF",2031-07-15,2026-04-11,1600,4770,1600,1.78,2.98125
"BTP0001126","CLP",2026-11-23,2026-04-16,2e+05,1023000,2e+05,4.2,5.115
"BTP0530732","CLP",2032-07-15,2026-04-16,60000,157000,60000,5.32,2.61666666666667
"BTU0001028","UF",2028-10-01,2026-04-16,1200,3370,1200,1.15,2.80833333333333
"BTU0281155","UF",2055-11-01,2026-04-16,850,1110,750,2.31,1.30588235294118
"BTP0000926","CLP",2026-09-29,2026-04-21,2e+05,1112000,2e+05,4.24,5.56
"BTP0501028","CLP",2028-10-01,2026-04-21,25000,80000,25000,4.92,3.2
"BTP0610456","CLP",2056-04-01,2026-04-21,25000,30000,23000,5.67,1.2
"BTP0000626","CLP",2026-06-22,2026-04-23,2e+05,562000,2e+05,4.25,2.81
"BTP0530732","CLP",2032-07-15,2026-04-23,60000,113000,60000,5.4,1.88333333333333
"BTU0001028","UF",2028-10-01,2026-04-23,1200,6970,1200,1.2,5.80833333333333
"BTU0281155","UF",2055-11-01,2026-04-23,850,1500,850,2.46,1.76470588235294
"BTP0001126","CLP",2026-11-23,2026-04-30,2e+05,780000,2e+05,4.2,3.9
"BTP0610456","CLP",2056-04-01,2026-04-30,25000,28000,20000,5.81,1.12
"BTP0000926","CLP",2026-09-29,2026-05-05,2e+05,1016000,2e+05,4.22,5.08
"BTP0530732","CLP",2032-07-15,2026-05-05,60000,62000,49000,5.63,1.03333333333333
"BTU0001028","UF",2028-10-01,2026-05-05,1200,4970,1200,1.13,4.14166666666667
"BTU0281155","UF",2055-11-01,2026-05-05,850,1400,850,2.53,1.64705882352941
"BTP0000626","CLP",2026-06-22,2026-05-07,2e+05,430000,2e+05,4.34,2.15
"BTP0501028","CLP",2028-10-01,2026-05-07,25000,67000,25000,5.04,2.68
"BTP0610456","CLP",2056-04-01,2026-05-07,25000,37000,24000,5.78,1.48
"BTP0001126","CLP",2026-11-23,2026-05-14,150000,666000,150000,4.13,4.44
"BTP0530732","CLP",2032-07-15,2026-05-14,60000,153000,60000,5.58,2.55
"BTU0001028","UF",2028-10-01,2026-05-14,1200,1670,1200,1.26,1.39166666666667
"BTU0281155","UF",2055-11-01,2026-05-14,850,1910,850,2.55,2.24705882352941
"BTP0000926","CLP",2026-09-29,2026-05-19,150000,630000,150000,4.15,4.2
"BTP0501028","CLP",2028-10-01,2026-05-19,25000,71000,25000,5.16,2.84
"BTU0230731","UF",2031-07-15,2026-05-19,1200,1910,850,2.16,1.59166666666667
"BTP0530732","CLP",2032-07-15,2026-05-26,60000,58000,56000,5.59,0.966666666666667
"BTU0001028","UF",2028-10-01,2026-05-26,1200,2870,1200,1.67,2.39166666666667
"BTU0281155","UF",2055-11-01,2026-05-26,850,1350,850,2.68,1.58823529411765
"BTP0501028","CLP",2028-10-01,2026-05-28,25000,121000,25000,4.93,4.84
"BTP0610456","CLP",2056-04-01,2026-05-28,25000,18000,16000,5.91,0.72
"BTU0230731","UF",2031-07-15,2026-05-28,1600,1960,1600,2.35,1.225
"BTP0530732","CLP",2032-07-15,2026-06-02,60000,130200,59800,5.58,2.17
"BTU0281155","UF",2055-11-01,2026-06-02,850,2290,850,2.65,2.69411764705882
"BTP0501028","CLP",2028-10-01,2026-06-04,25000,1e+05,25000,4.78,4
"BTP0610456","CLP",2056-04-01,2026-06-04,25000,35600,23600,5.95,1.424
"BTU0230731","UF",2031-07-15,2026-06-04,1600,3300,1600,2.41,2.0625
"BTP0000926","CLP",2026-09-29,2026-06-09,50000,135000,50000,4.44,2.7
"BTP0001126","CLP",2026-11-23,2026-06-09,3e+05,535000,3e+05,4.45,1.78333333333333
"BTP0530732","CLP",2032-07-15,2026-06-09,60000,172000,60000,5.56,2.86666666666667
"BTU0281155","UF",2055-11-01,2026-06-09,850,2140,850,2.69,2.51764705882353
"BTP0001226","CLP",2026-12-15,2026-06-11,250000,752000,250000,4.37,3.008
"BTP0000627","CLP",2027-06-22,2026-06-11,2e+05,590000,2e+05,4.49,2.95
"BTP0610456","CLP",2056-04-01,2026-06-11,25000,30000,21000,5.99,1.2
"BTU0230731","UF",2031-07-15,2026-06-11,1600,3550,1600,2.45,2.21875
"BTP0001226","CLP",2026-12-15,2026-06-18,3e+05,775000,3e+05,4.35,2.58333333333333
"BTP0000927","CLP",2027-09-29,2026-06-18,150000,429000,150000,4.39,2.86
"BTP0530732","CLP",2032-07-15,2026-06-18,60000,259000,60000,5.4,4.31666666666667
"BTU0281155","UF",2055-11-01,2026-06-18,850,950,750,2.7,1.11764705882353
